attendance,previous_gpa,study_hours,assignment_completion,participation_score,sleep_hours,practice_test_score,practice_problems,exam_score
86.44,3.78,30.94,60.58,2.45,7.36,62.34,178,73.74
66.33,1.85,37.06,44.61,2.87,9.39,35.62,147,44.14
91.52,3.19,36.83,33.22,1.02,5.67,75.23,43,64.5
81.84,3.54,26.68,62.38,5.72,4.16,51.36,24,55.51
45.65,2.09,37.27,87.03,2.75,8.65,34.62,170,50.19
98.54,2.19,17.83,81.08,7.52,8.21,95.5,134,70.99
85.67,3.91,2.14,58.6,9.66,7.27,60.54,178,49.95
87.16,2.16,4.38,71.63,2.88,8.89,62.24,35,45.81
47.69,2.57,6.16,60.54,6.84,9.04,98.51,72,57.8
67.02,2.58,5.62,70.53,2.91,7.53,49.31,23,39.48
62.25,2.13,15.36,66.23,1.16,9.8,95.44,85,65.04
95.61,3.44,28.65,77.67,7.83,8.32,75.59,32,70.82
78.63,3.43,32.04,65.54,4.91,8.06,70.65,0,67.91
89.37,2.45,24.43,95.84,9.52,6.17,38.75,102,56.17
66.6,3.59,7.56,59.96,5.81,4.01,24.14,196,44.72
53.63,2.03,30.42,31.11,2.42,5.45,55.02,129,56.64
73.28,1.51,15.48,46.55,5.05,8.58,20.81,152,50.15
43.83,2.93,2.49,65.04,2.83,8.26,25.68,163,43.38
89.66,3.99,12.66,67.84,8.9,5.99,67.63,195,74.8
77.9,1.6,14.56,68.67,7.22,7.75,77.96,25,64.26
85.49,2.02,12.42,80.02,4.07,5.17,33.44,50,43.65
61.27,2.8,32.85,49.23,5.75,5.58,78.6,123,74.15
98.24,3.52,30.88,76.54,7.03,9.68,95.98,165,85.96
93.59,1.72,28.43,79.28,8.05,6.48,79.45,155,68.89
86.7,2.49,7.28,58.79,1.72,5.47,82.78,146,57.91
51.68,3.37,32.7,58.15,1.2,6.92,76.06,62,57.69
68.0,2.43,27.73,42.52,2.03,6.32,37.98,73,50.06
42.63,1.97,9.4,58.98,4.55,8.38,48.87,16,32.57
49.26,1.99,26.63,85.08,5.2,9.77,95.94,63,55.86
80.98,2.53,20.37,93.63,2.23,7.55,72.9,31,63.71
84.69,2.7,18.7,71.55,4.7,7.55,83.12,188,63.56
98.05,3.65,6.26,50.96,4.97,6.19,97.5,18,66.05
59.55,3.11,21.7,77.76,1.98,7.39,38.51,73,54.7
62.23,3.23,5.8,81.81,9.25,5.92,45.73,178,55.18
68.17,3.96,8.24,53.25,6.39,4.01,71.58,192,55.9
51.37,2.53,7.04,87.86,4.5,9.2,21.95,75,43.22
47.8,2.51,38.26,35.16,5.56,6.58,65.7,93,60.98
68.54,3.81,12.82,30.75,3.83,6.95,84.7,105,66.28
53.61,2.11,15.5,38.61,8.69,4.5,68.84,165,45.09
80.19,3.32,14.24,40.92,6.18,9.02,43.63,154,52.78
66.23,3.39,36.13,91.53,5.45,5.02,77.93,105,79.6
89.96,1.74,23.39,59.75,9.2,6.46,31.68,74,53.71
82.02,2.67,36.93,49.25,8.54,9.04,91.58,74,69.9
58.74,2.0,13.4,60.04,8.32,6.75,28.07,130,40.32
89.94,1.96,6.36,57.64,3.03,9.59,89.08,167,50.98
88.29,2.66,23.14,51.1,2.38,5.26,59.82,15,50.64
63.25,2.22,15.13,39.65,7.21,8.29,54.29,154,43.8
57.3,3.49,32.47,75.91,5.22,9.87,60.05,96,64.71
80.95,3.77,35.42,39.56,7.15,7.3,36.02,29,65.97
48.39,3.51,19.96,84.28,7.85,8.15,56.61,19,56.88
51.99,2.17,38.91,44.12,3.66,6.36,87.98,67,65.0
40.44,2.19,23.01,81.2,3.56,8.51,84.08,49,58.47
87.22,2.14,12.29,86.39,5.42,9.45,33.04,20,49.45
79.89,1.84,20.58,38.77,3.46,8.22,73.87,58,50.96
82.31,3.86,3.42,36.07,7.01,9.62,88.55,167,61.02
86.84,2.51,32.55,96.47,7.72,7.53,85.58,144,73.9
67.53,2.06,5.85,62.41,5.25,7.46,54.05,42,40.03
74.12,3.62,13.73,74.12,7.51,5.83,23.85,135,54.84
48.39,2.5,23.48,31.63,5.59,8.26,94.49,90,62.0
46.87,1.59,3.63,49.51,7.42,9.29,51.67,150,39.52
80.1,1.9,5.01,65.38,3.02,7.88,48.88,49,49.51
68.27,3.1,28.45,92.04,7.65,5.4,80.76,12,76.12
73.91,3.46,4.73,49.0,7.44,7.26,41.12,62,41.63
85.9,2.03,20.13,84.26,3.4,8.54,86.78,199,69.88
78.08,3.79,14.87,76.35,6.0,9.64,26.08,111,54.0
73.21,3.63,10.67,38.07,8.7,4.94,79.26,10,56.52
73.55,3.62,9.17,50.54,3.25,4.76,97.26,196,67.74
58.24,2.07,31.01,46.65,7.62,6.48,99.66,165,61.5
41.85,1.63,38.16,60.98,9.59,4.75,93.9,109,73.4
66.2,3.67,7.33,74.47,8.8,9.88,89.66,148,69.75
52.88,2.26,38.47,60.34,4.61,6.55,42.31,37,50.41
64.51,3.05,24.6,47.12,6.46,7.2,97.33,118,69.05
91.2,3.4,26.38,78.71,9.93,5.36,94.23,183,71.76
54.04,1.82,28.98,70.91,6.12,6.69,62.75,88,55.6
43.5,3.45,28.76,66.35,2.04,9.91,52.17,7,52.69
56.88,3.85,33.15,68.81,1.41,6.93,28.74,152,53.72
57.62,3.32,20.37,45.53,8.11,4.05,67.25,146,63.0
79.71,2.6,22.27,77.63,4.81,5.46,76.04,148,70.79
73.42,3.69,14.31,57.13,3.22,9.87,52.32,130,55.61
87.03,2.82,6.0,55.44,4.13,9.93,52.48,27,44.7
79.86,3.36,27.26,40.48,7.82,5.26,65.86,23,64.53
64.38,3.55,3.28,71.78,5.19,7.69,22.22,159,47.03
88.84,3.37,12.47,72.19,8.82,4.46,96.63,171,66.04
50.02,2.22,5.58,53.82,7.61,7.46,43.19,15,38.06
41.36,1.79,9.25,90.19,9.77,4.76,31.27,116,38.13
45.4,2.1,26.27,89.18,9.0,8.91,20.44,100,48.65
83.34,2.76,25.88,37.63,3.29,9.64,88.55,70,63.94
67.71,2.76,18.0,78.65,6.93,5.04,89.06,129,66.92
49.68,2.96,5.43,57.57,1.18,6.78,27.62,183,33.62
70.06,2.49,18.47,99.98,9.92,4.61,32.18,165,56.09
49.14,3.47,15.4,45.75,3.35,6.03,55.83,30,51.37
81.78,3.78,29.38,49.64,6.98,4.39,34.86,93,70.84
66.77,2.12,24.0,60.95,8.64,5.59,78.87,188,61.51
62.86,3.34,20.68,48.81,2.44,9.94,24.64,47,46.1
58.09,3.19,20.51,78.44,8.63,4.27,63.98,171,76.25
77.82,2.81,38.72,63.66,1.11,9.15,50.62,98,62.68
61.71,1.97,30.74,45.46,4.98,4.46,57.2,104,51.6
45.26,3.49,20.89,65.45,5.25,7.17,53.98,50,53.22
47.08,3.9,20.21,92.22,4.37,6.71,32.25,184,66.76
97.71,3.3,3.01,85.47,6.28,9.59,37.62,106,45.24
94.51,3.79,37.82,64.92,9.23,5.19,25.18,115,67.05
81.98,3.96,14.13,50.19,3.94,5.08,29.22,92,47.81
55.95,2.38,11.73,42.59,6.21,8.49,98.23,17,56.82
98.15,3.1,39.98,91.49,8.9,8.35,42.38,156,65.79
86.73,2.68,29.31,79.71,7.96,8.2,44.56,66,68.38
83.01,3.97,3.8,70.05,1.37,4.16,30.17,48,42.76
66.96,1.73,4.35,91.56,9.49,5.56,80.41,157,49.55
56.33,2.53,2.97,38.52,1.42,9.04,93.93,40,56.71
45.78,3.69,24.79,77.77,6.3,7.61,83.18,137,70.98
94.16,2.21,4.72,45.17,6.18,7.61,69.01,95,54.5
67.35,3.47,37.47,38.44,8.08,5.78,85.06,160,80.0
52.14,2.46,37.6,62.59,2.34,5.56,52.34,10,57.44
58.36,3.95,22.75,57.12,2.61,9.68,88.76,155,59.29
74.75,3.71,25.43,95.88,7.77,8.37,83.88,46,79.6
50.61,2.25,13.09,52.68,2.35,4.76,20.14,174,35.16
91.4,3.43,4.43,87.04,5.23,9.63,59.02,71,54.76
85.51,2.34,30.02,82.42,7.58,7.49,41.17,1,57.98
83.17,3.02,5.87,76.75,6.86,6.0,26.9,98,38.33
65.93,3.15,5.25,94.43,2.9,6.38,87.7,11,61.27
77.64,3.57,13.83,58.55,3.74,8.35,20.64,54,40.39
75.05,1.56,2.47,57.28,9.72,6.26,78.41,144,50.05
78.99,2.05,18.49,41.27,5.04,7.47,99.06,112,65.42
45.07,3.28,28.89,49.3,1.4,8.26,58.56,142,65.35
64.95,2.91,32.45,91.58,2.98,5.17,49.7,176,58.47
42.5,2.74,24.96,63.21,4.08,9.67,68.47,94,64.44
69.64,1.64,34.18,53.89,10.0,6.14,84.38,109,70.78
59.79,2.37,17.45,45.13,3.72,6.52,39.22,11,40.88
48.67,3.66,34.25,63.95,1.24,8.19,40.06,57,53.5
46.2,1.58,21.25,80.17,5.62,7.65,68.57,145,49.06
75.26,2.49,10.48,50.07,1.75,6.64,95.19,12,58.85
50.24,3.86,37.88,83.04,3.47,7.9,43.88,72,63.15
95.51,1.63,12.45,74.09,9.93,9.42,50.14,27,54.31
74.86,3.37,3.0,85.13,7.34,8.8,99.47,172,66.38
60.81,2.14,11.22,47.56,1.46,8.95,34.1,112,34.08
75.45,3.67,15.93,74.17,5.04,5.55,26.16,129,53.61
41.37,3.37,15.35,40.76,2.54,6.52,67.18,137,52.23
97.51,3.71,21.94,55.47,2.11,7.32,21.94,45,53.7
68.94,2.04,35.56,80.71,6.28,4.27,34.43,9,55.27
86.96,2.83,13.11,74.22,5.55,8.62,69.78,79,60.77
44.96,3.45,21.79,43.15,7.69,5.94,72.76,37,60.99
69.2,2.11,14.93,90.08,9.03,5.7,60.83,64,55.74
69.44,2.08,33.23,33.73,3.22,5.56,50.7,64,42.72
96.27,1.57,7.99,71.67,9.31,5.7,66.1,157,55.36
74.3,3.9,5.93,98.87,5.66,6.03,71.47,64,64.45
68.41,3.28,21.11,67.21,3.33,7.63,84.28,30,71.36
56.02,3.09,27.53,86.05,8.61,7.5,83.42,192,79.08
59.89,3.36,32.23,71.66,1.32,5.53,73.18,9,63.56
71.24,2.83,24.41,84.82,6.04,5.24,91.54,40,73.57
66.33,2.69,31.41,75.89,7.49,8.96,87.04,69,69.35
41.3,2.62,16.92,78.38,3.52,4.56,30.66,12,41.48
89.58,3.1,3.25,45.95,8.77,7.08,96.53,180,65.8
93.77,2.0,6.41,81.93,3.16,7.12,91.34,70,62.13
48.41,3.72,3.47,46.65,8.56,7.44,45.67,157,50.56
73.24,3.53,14.5,98.64,1.71,9.31,21.61,27,56.22
46.51,2.37,20.83,45.95,2.44,7.74,68.32,104,64.35
80.33,2.95,15.54,46.57,4.43,9.84,55.07,25,55.01
56.87,1.85,23.3,90.11,8.69,9.23,79.97,46,68.37
79.57,3.93,20.26,47.01,2.3,5.29,61.97,81,52.91
83.62,3.76,27.76,55.26,8.88,5.45,26.12,173,52.94
86.12,3.8,27.34,80.02,3.07,6.07,39.57,61,60.23
46.46,2.33,14.09,41.11,5.07,6.35,90.6,151,58.07
94.96,1.92,15.16,41.14,4.17,7.32,23.02,18,38.72
53.81,2.03,24.24,64.05,2.06,5.4,78.93,50,46.87
42.24,1.73,24.66,47.06,9.5,5.33,43.36,121,51.94
73.29,1.8,13.96,46.5,4.94,6.29,56.21,94,57.68
62.26,1.68,14.55,30.65,7.21,8.03,62.48,100,54.28
89.79,3.97,28.37,55.93,6.18,8.13,40.01,136,71.38
88.5,1.69,26.6,52.28,5.52,9.86,72.16,15,56.25
59.03,1.83,7.13,32.18,6.55,5.21,75.48,139,42.64
97.17,3.57,18.76,73.49,9.09,6.36,26.8,173,60.15
57.46,2.95,35.92,73.87,7.29,9.79,49.91,153,74.07
70.9,3.44,3.38,34.96,5.79,8.14,79.55,57,54.88
55.36,3.08,34.5,52.19,6.81,7.55,77.73,70,67.77
96.16,3.71,8.2,91.1,6.46,7.24,63.57,193,73.79
49.88,3.1,21.28,70.75,4.9,4.45,82.21,158,69.38
42.69,2.81,18.12,58.84,6.62,9.36,28.61,187,42.71
66.11,3.28,2.38,62.56,4.99,7.75,29.46,183,45.62
99.54,2.62,36.79,44.58,7.82,7.43,72.6,87,69.16
93.5,2.37,19.29,86.83,9.72,7.24,75.47,26,66.32
84.92,2.67,38.26,93.98,9.64,6.35,85.16,45,83.37
93.45,1.92,12.9,93.75,8.39,5.53,34.48,59,43.45
93.61,3.49,34.92,45.68,6.42,8.53,61.34,167,77.3
71.13,2.15,37.05,51.75,7.74,7.06,72.87,55,66.29
58.96,1.88,23.16,41.24,2.6,4.2,37.9,72,51.2
86.32,2.12,9.7,51.5,5.31,6.39,61.35,171,53.83
79.7,3.61,28.04,53.3,3.32,9.57,71.08,32,64.51
62.42,2.33,22.86,74.32,1.03,6.24,37.16,133,51.98
45.67,3.22,37.89,43.28,9.7,6.48,50.05,110,62.03
84.81,3.64,18.69,94.36,8.77,7.74,37.31,197,56.77
55.75,1.69,12.2,37.22,5.62,8.81,92.24,98,52.03
96.21,3.41,7.25,30.48,3.29,8.01,38.94,104,47.8
54.46,2.27,28.55,89.85,7.24,9.1,29.67,170,45.57
47.37,2.04,39.02,79.26,4.91,4.68,22.81,199,50.68
89.87,3.22,3.08,54.88,8.23,9.55,23.6,146,34.55
49.2,3.77,30.14,71.68,10.0,9.42,35.33,140,60.18
50.76,2.24,37.22,45.65,4.14,7.11,68.66,176,65.03
75.96,2.92,4.84,41.79,3.2,7.75,21.41,196,42.63
92.47,2.22,6.19,62.98,3.41,5.28,42.94,147,42.58
51.79,2.89,28.29,54.72,1.84,6.69,24.65,58,46.88
58.62,3.05,26.62,73.07,4.55,5.22,52.29,129,54.74
86.64,3.03,4.62,45.27,1.16,4.13,23.89,47,35.35
98.31,3.06,33.71,76.4,2.03,9.89,68.6,100,68.9
70.04,1.84,21.89,83.68,3.45,5.55,75.07,89,52.88
48.63,3.23,36.47,41.66,2.44,7.56,78.51,198,72.63
40.84,3.19,35.36,33.07,7.59,5.8,37.95,111,56.79
53.78,3.21,32.88,60.77,1.95,6.22,89.48,192,71.97
47.91,1.69,21.6,84.18,8.79,6.39,75.22,162,72.14
80.66,2.62,11.57,75.55,2.99,6.01,24.53,170,44.9
47.31,2.52,21.23,79.13,1.98,7.82,55.26,34,51.5
70.38,1.72,5.83,58.2,1.09,9.77,81.42,155,46.63
81.66,2.06,27.04,46.45,7.44,6.57,44.87,50,47.57
74.87,2.6,7.09,67.22,3.31,9.84,50.52,116,50.33
51.99,3.36,21.42,44.31,5.59,8.01,70.37,97,58.46
88.25,2.09,4.07,80.84,2.0,7.64,24.44,52,36.34
82.92,3.57,13.38,43.79,9.87,5.42,97.35,197,69.66
84.34,2.86,10.82,50.39,2.13,4.38,33.96,175,39.44
47.86,3.4,25.56,65.46,4.71,9.11,22.13,115,41.79
47.43,2.68,31.9,64.07,8.66,7.44,20.43,2,47.95
95.65,2.75,4.18,72.06,3.2,6.49,51.96,36,53.66
63.85,3.05,34.31,60.62,3.4,8.87,90.74,45,71.82
58.06,3.82,34.71,94.36,8.28,5.86,85.58,195,90.19
69.32,2.73,15.01,88.8,3.46,8.7,92.96,81,69.31
79.77,2.82,27.04,91.54,1.03,5.97,62.7,9,63.44
97.34,3.0,17.3,74.07,4.85,9.53,55.9,117,68.83
57.19,3.34,7.86,74.45,1.11,5.61,50.87,191,51.34
95.49,1.68,22.09,72.64,9.19,4.83,23.71,112,46.33
41.49,2.79,5.28,60.44,6.78,8.19,92.76,89,58.41
73.31,2.7,35.38,52.55,6.25,4.98,59.69,35,68.03
78.04,3.8,37.12,71.44,2.81,9.7,56.41,176,70.9
46.35,2.73,33.22,31.79,7.3,7.93,61.21,21,55.22
48.42,2.67,23.38,30.52,7.1,5.39,83.53,187,64.48
65.15,3.91,23.19,89.61,1.54,5.25,37.96,44,52.44
97.97,2.63,39.42,33.25,8.93,9.54,76.79,27,71.55
75.76,1.95,11.42,66.74,6.21,7.65,76.86,70,58.35
95.98,2.04,4.89,73.05,8.13,9.36,87.96,0,55.29
88.26,1.74,23.35,43.87,3.37,4.66,20.69,2,39.38
68.04,1.5,14.49,92.7,2.1,9.55,33.63,37,31.73
87.09,2.58,14.25,43.31,7.32,7.12,57.68,139,57.17
41.07,3.42,2.27,91.92,8.14,8.01,88.04,163,62.87
46.55,3.33,24.66,83.41,4.47,6.24,97.21,49,85.52
89.77,1.58,12.03,46.85,1.21,4.35,67.59,129,46.59
87.81,2.92,9.14,40.55,8.36,9.75,36.97,70,42.97
53.96,1.89,3.54,52.14,2.85,9.97,34.77,87,25.32
71.85,3.85,15.85,57.86,4.05,6.19,71.16,67,69.47
76.36,1.92,35.4,47.2,6.65,9.66,36.81,179,51.95
92.06,3.07,14.79,99.92,1.9,5.01,64.25,102,56.51
76.19,2.32,27.8,46.08,1.65,4.93,86.78,101,62.95
64.75,3.1,30.75,88.14,1.23,4.44,51.19,172,64.1
62.45,2.53,14.47,41.14,9.25,6.35,50.28,132,54.23
65.55,3.4,33.22,98.62,3.8,4.31,22.89,30,54.44
79.12,2.08,28.29,45.79,6.95,6.37,40.33,37,51.43
92.05,3.76,23.25,59.52,9.9,4.83,75.86,68,71.37
67.23,2.75,2.04,69.1,7.03,8.38,48.83,19,47.7
54.87,3.39,3.33,38.42,5.73,9.0,32.66,139,44.83
54.2,3.62,39.65,87.18,5.69,8.13,28.46,99,69.74
84.76,4.0,31.73,49.23,4.39,5.2,27.6,8,56.62
88.99,2.06,37.63,68.45,6.4,8.6,72.73,80,63.83
46.32,2.22,36.29,68.47,9.63,5.5,69.01,166,64.56
43.99,2.13,2.78,72.18,8.09,8.56,61.48,182,52.56
75.67,2.16,32.09,33.88,4.82,7.4,60.03,193,52.23
48.77,2.96,19.14,41.8,3.99,6.2,32.25,185,38.73
89.48,3.98,32.0,41.28,8.95,4.5,60.05,122,73.82
58.62,3.98,2.26,51.14,2.22,8.97,24.8,186,51.96
48.63,2.82,12.95,40.14,8.65,9.64,94.07,192,56.13
95.26,3.1,30.55,94.53,3.3,8.0,24.64,127,61.25
49.93,3.65,32.13,65.91,7.44,9.79,53.88,83,61.57
57.08,3.83,25.55,73.65,8.26,9.6,20.05,194,55.78
49.22,2.01,13.45,55.02,5.29,5.17,82.89,83,53.49
46.93,2.82,13.79,49.34,2.73,8.39,33.29,33,35.07
41.27,3.58,38.74,65.22,8.6,6.1,93.99,21,71.28
43.32,2.26,18.69,50.6,4.31,6.93,23.52,114,39.44
50.48,2.6,18.99,54.06,3.89,4.94,85.66,7,54.84
43.2,3.96,22.99,61.69,5.59,9.85,72.53,23,57.16
75.47,3.96,17.56,65.4,4.92,8.36,39.98,49,61.32
80.84,3.77,23.0,98.9,7.15,5.6,36.19,106,60.46
63.62,3.5,18.43,45.63,2.23,6.23,48.61,96,51.56
59.08,2.17,33.42,64.16,4.92,6.53,86.27,102,68.44
70.27,2.3,36.54,40.47,9.03,8.49,88.96,102,70.03
92.5,2.87,37.42,54.5,1.32,9.55,34.02,199,63.58
91.07,2.9,23.44,80.21,5.12,5.93,48.28,43,53.76
42.61,2.76,18.8,42.21,6.94,6.84,39.0,95,40.93
50.89,3.09,28.8,70.69,8.99,7.56,29.81,123,56.4
54.2,2.52,33.86,59.17,6.34,6.36,71.72,55,63.66
54.96,3.37,23.39,33.61,8.42,7.03,47.67,36,49.48
74.27,2.33,28.6,95.32,3.0,4.63,38.03,9,43.8
64.98,2.33,30.49,58.95,4.18,5.01,89.28,65,64.79
42.96,1.82,27.7,84.87,9.48,6.41,79.87,51,58.2
62.42,1.97,30.35,59.14,8.97,9.49,81.9,39,54.81
71.43,3.63,9.93,95.62,6.02,6.1,23.14,54,54.68
46.1,2.62,20.94,50.33,5.28,5.5,93.21,140,59.53
90.01,2.07,24.35,58.86,5.06,8.46,65.98,166,66.7
43.12,3.4,2.09,83.12,1.53,9.69,60.3,103,49.33
95.49,2.88,34.53,54.06,9.03,6.75,20.85,13,57.39
45.95,1.55,25.18,55.5,8.36,4.05,91.81,147,57.35
90.61,2.29,6.91,99.64,5.11,8.13,63.51,30,41.6
94.16,1.94,33.02,68.89,3.51,6.49,86.01,11,60.77
98.77,3.14,29.25,78.26,4.09,8.04,72.44,114,71.87
88.12,2.19,30.82,75.04,2.11,5.67,83.74,85,67.91
86.77,1.66,16.9,87.95,7.5,4.01,75.43,62,46.46
78.55,1.64,34.46,90.33,6.01,6.07,93.68,194,73.07
86.74,2.95,17.73,69.43,3.11,8.23,38.04,18,45.8
48.07,1.55,23.68,50.62,6.61,6.36,36.17,10,42.22
72.16,3.62,2.02,31.6,9.81,5.32,77.0,118,57.25
70.85,1.89,26.51,73.01,2.1,6.78,60.11,84,59.33
91.45,3.02,29.29,87.78,5.13,8.51,67.93,161,77.12
67.77,2.61,23.55,61.54,5.45,4.72,76.68,8,60.41
63.11,2.61,20.87,41.53,2.5,8.15,63.79,84,58.73
78.37,1.68,32.78,50.17,5.78,8.0,83.02,29,61.19
55.99,3.51,27.89,65.7,6.45,6.22,45.51,8,72.38
48.39,3.73,12.57,88.57,2.42,9.82,88.72,92,58.65
68.67,1.53,38.44,42.02,2.39,9.37,28.61,147,44.21
65.01,1.95,28.88,72.85,8.71,5.9,70.72,31,64.52
53.95,3.76,39.54,82.74,3.8,4.19,91.21,169,82.6
62.05,2.87,38.91,95.52,6.67,5.85,40.22,104,66.23
61.98,1.88,36.92,38.17,6.64,5.23,46.15,96,55.55
59.65,2.01,30.7,94.85,8.55,7.28,44.44,185,50.91
62.77,3.15,25.16,72.1,7.66,9.51,65.14,66,70.78
81.14,3.31,8.54,83.67,8.57,9.22,53.03,40,55.07
57.81,3.0,22.65,33.76,6.63,5.83,28.64,158,54.85
96.93,3.88,31.08,65.43,5.05,6.57,91.3,21,68.63
94.98,2.74,21.79,73.58,4.54,4.22,36.37,175,54.9
68.85,2.25,34.99,51.48,4.41,7.26,62.73,165,60.88
59.7,2.69,6.17,60.22,4.77,4.38,67.58,196,53.97
72.13,2.4,16.48,68.8,2.16,9.63,23.26,92,42.98
90.91,2.06,21.23,68.68,4.82,9.2,27.66,125,49.4
79.16,1.61,18.43,32.93,4.51,5.29,97.74,177,53.81
88.26,2.38,6.13,60.76,1.31,8.2,73.16,26,51.21
71.96,3.28,7.83,44.97,3.48,7.41,22.69,61,41.83
77.98,1.55,33.83,94.17,7.77,8.81,83.54,94,71.08
57.29,2.6,20.41,98.36,6.2,6.85,60.68,126,66.26
84.09,3.11,3.85,50.98,8.26,5.15,26.02,136,44.39
52.14,3.03,2.63,42.26,5.88,7.84,74.46,185,48.79
81.69,3.44,19.99,45.37,8.69,4.48,59.95,98,60.22
91.64,3.53,8.25,63.44,8.16,7.51,36.39,34,66.78
47.93,3.28,28.79,91.22,1.88,5.28,90.22,38,76.95
76.86,1.76,32.22,65.0,9.79,8.11,43.31,160,43.59
45.71,2.69,10.68,33.88,1.13,8.97,42.76,92,40.5
83.54,3.01,24.5,32.79,6.37,4.66,41.82,126,57.65
45.07,2.11,7.87,45.92,8.13,6.4,81.4,113,51.39
96.16,1.61,13.54,88.99,3.99,8.4,76.49,163,57.27
48.24,2.06,35.77,73.5,6.39,4.98,92.25,43,64.59
97.53,2.64,22.68,69.41,4.26,7.4,38.35,34,57.73
88.05,2.53,35.66,52.33,1.55,8.03,82.91,147,65.15
75.62,1.94,10.56,95.06,1.08,6.13,65.84,87,57.53
86.96,3.56,14.54,53.18,1.85,8.99,44.69,163,55.14
87.71,3.81,19.9,88.45,1.89,7.06,22.84,25,50.18
96.76,2.0,20.24,92.71,6.5,7.76,85.52,54,72.85
55.2,3.82,39.91,63.83,5.73,4.85,39.29,192,57.85
75.4,1.54,6.35,92.6,5.1,4.14,70.54,169,46.86
45.7,3.81,34.37,49.38,7.23,4.3,63.91,12,60.1
76.97,3.88,34.82,76.09,1.15,9.42,20.36,164,70.52
50.28,1.53,23.02,36.16,3.44,9.3,99.55,13,51.22
73.9,3.41,15.07,63.18,8.0,8.85,85.15,24,54.88
74.35,3.93,21.73,45.21,9.19,5.2,58.92,180,62.55
67.96,3.76,13.11,34.39,4.95,7.15,74.43,25,62.54
71.36,3.93,32.37,30.26,1.73,8.78,58.13,60,66.97
85.84,2.88,20.93,52.73,8.19,8.05,79.57,27,76.7
87.95,1.7,37.18,71.27,8.97,4.69,30.75,120,60.9
69.53,3.62,25.66,61.87,4.72,9.37,55.71,11,60.99
75.98,3.03,21.54,51.12,3.19,4.96,46.84,57,46.97
95.87,3.04,29.02,99.38,1.4,5.03,56.77,65,71.92
47.18,2.54,21.15,95.77,6.32,9.41,56.04,130,55.2
47.03,2.93,36.37,38.8,9.19,6.91,31.45,99,52.76
45.26,1.88,9.01,59.06,7.1,6.24,98.12,38,52.84
79.47,3.35,38.99,75.42,3.86,7.32,21.24,93,55.13
65.12,1.69,32.86,81.34,6.79,9.89,20.81,92,44.33
86.46,3.32,34.71,55.65,8.49,4.72,49.88,71,62.76
80.27,3.62,20.35,82.24,5.28,8.54,69.63,107,72.24
60.02,2.68,33.81,38.69,8.38,6.01,34.37,65,51.09
93.9,2.77,13.66,53.23,4.53,4.7,62.66,67,47.07
85.75,2.28,30.95,80.15,4.14,6.53,77.82,157,61.37
56.23,3.92,7.34,73.8,6.25,7.29,27.52,50,50.7
61.85,3.33,13.67,88.6,5.18,5.24,98.75,66,68.39
58.87,2.42,18.94,33.28,9.79,6.43,46.94,28,45.43
49.46,1.94,14.25,42.21,5.65,7.81,71.39,140,49.74
48.87,2.05,16.71,33.39,4.47,7.46,28.86,141,42.73
96.17,2.66,33.16,43.45,4.55,8.34,76.76,136,76.38
66.27,3.86,11.75,30.3,5.93,9.02,87.24,33,58.2
63.0,3.34,30.32,65.29,4.19,6.45,28.42,90,56.0
83.78,2.04,4.8,66.98,7.51,6.54,30.07,58,45.42
73.18,3.65,31.1,76.05,4.43,6.98,42.48,153,62.26
96.17,2.45,32.1,56.94,4.46,7.4,20.95,67,52.75
86.82,3.63,17.26,30.22,6.55,4.65,98.88,83,68.01
68.76,2.1,29.45,77.17,1.55,5.88,67.87,91,52.48
62.58,3.05,36.78,33.8,6.9,5.03,68.61,152,66.54
99.2,3.82,32.43,90.63,5.54,6.32,96.72,141,86.33
83.07,2.14,16.84,31.59,5.08,9.84,86.56,164,60.98
97.07,3.23,20.4,67.13,7.47,7.5,85.14,86,67.16
47.11,3.97,31.62,92.64,7.82,6.58,47.16,164,69.91
91.03,1.88,13.12,70.07,8.62,7.4,46.79,175,60.87
78.22,1.72,32.55,72.59,4.37,8.01,43.34,105,65.76
47.32,3.19,14.47,77.71,3.94,6.61,47.74,136,60.34
75.3,2.35,32.63,38.57,7.43,6.69,49.56,182,54.03
81.17,1.68,5.3,77.24,6.24,8.21,31.2,168,44.7
40.74,2.69,3.69,91.62,6.69,4.37,48.48,55,40.85
67.26,3.38,39.91,98.2,6.0,7.24,55.74,143,76.33
89.52,2.21,35.04,61.01,7.95,7.28,44.75,89,57.54
57.72,2.34,35.55,54.12,2.71,8.54,33.23,29,41.29
67.51,3.61,38.15,82.73,6.0,9.9,49.87,74,65.57
66.54,2.8,18.66,68.0,2.42,8.77,58.47,196,61.44
58.12,3.61,12.9,48.01,4.67,7.02,77.66,192,65.86
95.11,2.62,6.94,42.05,6.98,5.02,76.9,158,58.49
86.88,3.88,21.05,41.92,5.44,7.53,36.22,199,62.58
46.64,3.13,10.36,62.14,4.42,9.01,22.93,115,44.01
99.82,1.79,37.55,41.91,8.96,9.59,44.3,152,61.11
92.75,3.71,2.15,31.38,7.96,8.95,32.57,33,44.17
57.03,2.72,7.44,33.65,5.74,5.13,51.66,60,43.09
90.21,1.85,11.37,95.09,9.55,8.28,98.35,34,74.56
46.39,1.88,9.56,35.11,4.82,9.28,34.49,188,37.61
99.95,3.22,10.58,35.12,8.09,8.09,45.51,123,55.17
79.94,1.62,26.93,61.58,2.51,8.11,78.01,187,62.54
79.01,2.22,14.45,47.16,3.57,7.0,60.73,83,50.34
45.43,1.85,25.37,97.39,4.04,7.82,23.51,81,43.84
93.82,2.6,35.83,93.77,1.95,5.77,32.94,135,61.21
41.74,2.54,24.9,58.33,5.52,4.53,94.82,114,60.34
54.45,2.8,28.39,61.41,2.73,8.97,28.25,74,47.99
48.58,2.2,15.89,56.26,6.71,9.66,70.81,63,47.29
86.61,1.58,8.07,32.65,2.71,9.14,83.39,103,49.6
51.89,3.04,14.18,50.5,2.11,6.0,41.24,15,46.97
94.64,2.43,38.64,38.59,9.72,4.56,78.01,37,66.26
79.38,3.13,25.63,37.17,6.92,5.68,33.59,8,40.69
42.17,1.77,12.55,69.26,9.43,9.06,42.78,31,44.62
40.33,1.53,19.13,36.91,5.41,7.93,44.95,39,40.99
43.1,2.12,33.75,37.21,1.3,9.8,99.71,15,55.41
76.36,2.64,27.4,63.64,6.17,6.06,37.17,11,56.32
88.09,2.49,23.3,60.96,6.02,7.31,30.34,164,47.39
54.31,3.53,35.64,39.63,1.13,8.74,94.06,36,75.99
90.96,2.44,27.55,30.31,8.75,5.4,32.95,111,50.92
43.43,2.83,26.42,43.51,6.58,9.78,90.34,19,50.42
88.06,2.98,9.21,46.51,7.7,7.55,72.04,190,63.59
95.67,1.55,6.04,86.02,5.45,4.05,66.15,48,44.67
86.33,2.79,38.68,94.08,6.57,4.15,80.11,150,72.43
81.89,2.36,24.76,58.42,3.32,9.29,78.08,128,58.5
90.28,2.55,17.8,58.35,9.76,7.87,28.84,154,52.53
42.41,1.75,24.38,79.87,4.61,8.58,99.96,126,62.23
52.11,3.46,4.35,73.88,2.46,8.7,95.35,102,52.96
47.5,3.86,33.24,42.89,1.5,6.52,91.73,155,80.41
70.27,1.56,10.23,37.54,6.73,8.79,69.78,163,47.76
84.71,3.0,32.57,60.63,9.85,9.63,61.82,76,63.0
77.8,3.41,22.31,69.54,9.06,5.03,62.9,189,61.05
91.07,2.21,12.51,39.71,7.32,8.58,21.19,198,47.64
49.31,3.47,3.15,50.53,9.92,5.85,59.96,145,46.88
84.08,3.08,33.0,51.42,7.51,5.93,69.9,186,71.63
51.58,3.82,8.71,48.29,4.05,6.48,72.7,21,53.38
56.25,3.95,3.97,62.25,6.41,9.18,46.57,108,49.17
82.59,1.61,30.72,75.71,1.72,4.13,57.7,130,48.19
98.81,2.61,15.3,65.66,3.0,6.6,70.9,186,59.26
76.69,2.87,16.79,44.1,4.76,8.08,54.26,24,52.75
43.27,1.87,11.39,37.21,2.82,4.66,96.97,162,52.97
76.98,2.34,34.65,87.53,9.58,8.75,76.44,15,65.68
42.54,3.97,13.3,63.55,9.96,9.65,20.1,71,47.13
93.05,1.54,9.99,34.35,4.34,4.55,21.86,139,37.48
82.57,2.63,13.75,48.07,7.38,4.92,75.22,58,47.74
50.39,3.61,9.72,86.28,4.67,9.84,53.01,167,55.68
45.5,2.31,14.07,82.62,2.26,5.19,87.16,187,53.83
51.01,2.7,5.15,91.31,4.03,4.47,33.84,31,33.86
98.8,3.95,8.02,72.15,3.1,9.71,21.11,51,49.12
67.51,2.69,17.85,59.6,3.95,9.36,51.05,14,46.63
87.04,1.83,35.42,59.86,2.94,7.93,78.89,142,61.05
78.18,1.63,4.18,43.58,2.01,7.31,97.74,178,62.17
74.34,3.86,10.08,75.56,2.96,9.52,90.69,120,72.23
48.71,2.16,36.52,70.95,9.15,7.93,58.73,26,51.66
96.76,2.76,35.82,40.84,1.77,7.95,85.03,34,62.55
58.08,1.73,27.82,92.0,3.92,9.06,25.63,7,46.96
74.68,2.56,11.14,55.79,5.76,7.92,65.78,98,53.83
81.99,3.83,17.95,33.48,4.19,7.02,93.94,144,79.45
78.95,2.76,10.03,52.95,5.66,6.34,51.71,30,52.26
96.44,3.93,6.89,90.89,1.39,7.02,96.81,170,76.26
48.91,2.15,16.44,94.19,6.84,7.13,37.65,50,43.07
70.5,2.76,23.88,64.33,6.07,6.16,28.45,103,53.45
64.24,3.65,15.68,96.94,7.13,6.69,61.98,134,59.92
68.45,2.62,25.21,91.27,6.11,8.81,92.58,108,77.96
47.15,2.2,13.26,87.77,4.94,6.5,44.9,96,49.6
48.05,3.64,15.14,90.18,4.15,4.15,84.01,67,58.78
56.68,2.47,32.05,56.73,3.04,5.7,33.54,86,53.75
58.28,2.83,35.38,82.95,5.5,5.39,79.65,47,79.86
65.67,3.94,14.24,70.41,1.23,8.76,64.56,59,58.88
76.66,1.97,23.72,80.38,3.95,6.7,34.0,151,54.01
78.08,2.25,12.57,42.45,7.1,5.68,77.45,177,54.88
64.71,1.58,4.03,81.2,1.98,8.86,77.1,170,50.29
64.53,2.48,30.04,97.03,1.57,4.12,61.23,66,50.28
53.06,2.0,8.5,51.19,6.87,5.05,38.04,64,37.25
75.3,3.2,18.18,99.03,4.58,8.96,30.58,11,52.37
59.02,1.95,20.51,56.49,8.22,7.3,96.58,55,72.75
42.16,3.19,9.01,43.98,9.44,8.64,72.47,117,47.44
65.1,2.16,5.59,37.86,9.61,9.03,84.74,53,50.85
68.45,2.39,15.22,84.95,4.83,9.65,75.76,147,65.84
53.54,2.37,38.19,68.84,3.38,4.38,86.36,10,62.7
74.35,3.29,25.38,51.5,6.48,8.8,33.0,82,53.84
73.95,2.67,16.49,72.59,6.65,8.25,59.76,56,52.9
82.12,2.4,3.48,53.25,6.6,5.24,73.37,99,46.59
78.88,3.63,24.81,61.39,3.9,9.59,28.27,5,42.89
79.15,2.93,5.51,90.39,1.57,6.43,32.0,84,42.63
58.97,2.03,22.62,76.77,2.89,9.33,70.72,158,52.45
87.25,3.75,30.57,83.37,2.39,7.63,89.5,172,82.39
72.95,2.36,18.1,70.84,2.12,7.16,72.83,51,53.76
65.89,1.6,13.38,99.4,9.34,4.96,22.9,86,38.35
77.56,2.74,3.8,46.9,1.12,9.49,97.63,138,55.32
61.64,1.81,2.94,48.36,6.42,7.34,31.16,93,36.06
70.76,2.1,18.34,36.48,9.53,4.04,38.6,109,40.97
84.2,3.37,35.57,68.78,4.24,4.11,98.0,68,70.69
93.18,1.83,11.27,72.94,5.74,8.67,81.68,168,60.36
95.26,3.52,23.81,80.82,7.26,4.97,94.93,126,82.58
70.22,3.84,28.0,53.48,3.85,7.59,84.53,193,77.03
71.22,3.02,4.31,30.86,5.3,8.09,72.14,156,51.56
87.99,3.28,7.82,74.26,8.35,5.68,42.76,73,52.38
58.87,3.28,14.59,99.91,7.71,7.42,46.15,65,48.53
90.24,3.98,27.46,50.62,8.28,5.44,95.78,17,75.94
69.65,2.35,18.68,42.88,9.89,9.68,88.85,125,60.28
46.95,1.91,29.9,49.72,4.33,9.16,48.76,150,46.02
44.32,2.8,34.97,59.78,7.72,5.73,49.86,71,54.71
90.52,2.83,30.82,47.56,6.43,7.17,43.82,4,56.3
43.33,1.94,39.71,54.29,7.0,7.0,46.09,165,63.07
56.84,3.03,30.67,74.67,7.66,9.76,88.85,44,75.51
60.05,1.54,34.38,54.15,7.75,6.36,20.84,117,41.63
50.38,3.82,33.63,57.72,8.97,7.37,54.88,10,64.27
58.83,2.16,29.75,32.8,4.14,9.57,95.43,12,57.96
84.56,1.6,32.47,94.26,6.88,4.98,63.41,180,67.25
40.88,1.77,37.52,58.48,3.52,7.3,56.04,135,57.82
89.63,2.1,20.06,52.97,6.35,4.63,44.99,1,46.8
91.39,2.18,26.25,36.05,7.76,7.7,25.91,20,50.59
62.34,1.58,21.57,74.39,8.12,6.19,37.96,99,44.3
49.22,2.2,34.34,90.47,4.78,9.81,27.24,136,58.29
76.05,1.98,18.39,32.88,5.58,6.49,30.14,85,41.9
47.18,2.45,33.15,40.17,4.0,4.82,33.08,175,44.44
61.9,2.46,32.38,40.25,2.52,9.0,44.16,131,51.83
97.51,2.35,38.55,72.16,3.34,8.93,20.88,123,61.84
99.73,2.32,11.46,94.49,9.21,8.17,96.01,58,67.15
86.33,1.72,28.97,60.64,3.78,8.49,29.91,137,54.16
58.66,1.56,30.76,54.07,9.77,5.59,50.65,175,51.16
81.26,2.01,37.58,83.61,3.17,7.85,90.36,9,67.18
82.32,3.39,36.46,81.98,7.51,4.23,28.53,147,65.3
63.27,3.98,23.79,47.27,6.17,5.18,58.69,176,59.7
78.45,3.82,24.01,41.26,7.27,9.59,87.58,86,75.07
40.64,2.76,8.36,55.05,6.8,8.44,64.56,153,54.17
52.54,2.83,39.05,84.29,7.36,5.38,36.83,71,55.04
71.51,2.29,11.69,78.65,9.15,4.67,78.84,38,55.85
49.83,3.43,29.54,76.61,6.07,9.69,74.51,163,66.77
49.95,3.41,32.24,88.06,1.61,4.67,48.97,62,60.65
90.18,3.61,18.77,49.4,3.44,5.54,23.7,152,60.92
99.35,3.74,10.03,53.78,7.37,5.1,20.63,63,45.97
73.36,2.59,9.18,32.96,5.45,4.04,86.03,80,55.28
90.34,3.42,34.55,90.81,5.94,5.88,45.72,137,69.35
99.42,3.52,21.41,70.77,6.37,9.85,31.02,68,56.16
48.5,2.27,5.43,50.87,4.44,6.05,61.48,162,45.36
66.89,3.82,29.25,34.86,7.97,7.03,93.67,7,69.75
63.55,1.74,11.51,80.64,7.51,8.48,20.68,2,38.95
44.8,3.99,35.3,82.41,7.43,7.31,24.49,16,59.77
85.32,3.43,13.76,76.63,7.44,8.46,53.36,51,55.2
66.03,1.73,9.61,44.26,9.01,7.97,74.08,10,54.75
68.16,3.14,5.22,93.93,6.36,7.65,58.09,76,57.44
49.04,1.59,21.44,82.72,9.7,7.9,91.8,4,60.46
50.86,3.43,19.13,76.04,2.07,8.79,23.53,152,56.32
94.43,3.5,30.55,75.57,6.69,8.26,47.21,30,56.98
42.68,3.01,19.65,93.31,7.45,8.75,48.11,195,65.54
53.97,3.64,15.07,94.98,5.29,4.87,47.21,172,53.53
57.52,1.74,11.94,71.69,3.59,8.07,59.01,139,49.9
69.41,2.19,12.57,59.17,5.95,8.42,83.25,160,56.52
75.19,2.54,37.26,55.46,4.28,5.8,45.43,155,55.35
69.6,1.61,8.27,87.34,9.18,9.25,79.56,169,63.29
45.05,2.62,39.55,75.12,4.21,5.83,31.72,111,64.76
54.62,2.16,14.42,35.41,2.58,5.46,64.86,125,45.8
90.62,2.48,5.36,39.95,6.19,9.2,50.01,94,47.69
78.26,2.56,11.45,93.01,4.56,5.48,63.14,125,56.72
78.95,3.7,4.22,91.91,1.86,6.49,28.62,76,57.31
80.21,2.18,32.02,96.63,6.08,6.21,96.28,24,62.16
85.77,3.73,21.48,59.95,5.84,9.39,92.5,187,77.32
43.49,2.56,14.81,84.88,2.56,6.73,86.11,140,57.71
62.0,2.32,27.16,87.98,6.38,8.17,91.42,141,59.51
72.37,2.76,25.96,52.1,6.11,8.76,31.74,56,48.93
60.31,2.54,37.72,40.17,7.96,7.77,60.3,154,74.57
90.67,2.14,38.53,99.79,4.25,9.66,45.43,104,59.1
68.95,2.76,27.87,32.12,3.24,8.82,90.99,15,67.26
86.12,1.88,33.08,71.81,9.56,6.4,35.16,191,64.76
91.12,2.38,32.11,75.51,6.05,9.7,37.6,199,59.36
70.29,2.91,20.67,77.73,1.24,7.15,74.94,174,66.16
94.57,2.53,28.77,47.89,8.39,4.14,27.11,95,41.66
75.23,3.56,4.97,80.51,2.77,5.56,78.59,46,55.44
91.02,2.14,30.8,45.15,8.07,7.73,41.45,2,59.14
60.44,3.92,38.55,88.03,7.35,4.94,72.87,148,78.02
69.93,3.46,5.23,45.34,9.72,7.5,89.84,179,69.24
71.88,3.92,33.77,78.77,9.69,6.17,68.77,20,75.09
46.3,3.6,37.45,84.84,3.47,7.21,37.01,137,75.79
63.91,1.86,10.6,43.23,7.9,4.01,23.93,5,29.08
95.04,2.82,21.94,46.66,3.85,9.09,23.57,156,57.6
77.85,1.92,37.26,84.54,6.66,6.17,27.1,5,53.31
50.65,3.55,38.49,36.02,6.38,4.84,66.39,196,76.65
60.33,2.96,6.86,43.35,1.49,6.63,47.86,34,37.3
51.5,2.16,15.26,61.89,1.05,6.92,39.45,80,43.7
41.49,3.82,28.53,95.11,1.52,7.82,37.54,139,59.82
95.65,1.79,10.42,69.33,2.15,7.15,95.89,170,63.36
66.89,2.91,14.34,57.14,3.32,4.26,29.51,73,47.86
58.45,3.3,2.89,98.49,9.16,9.23,44.39,197,56.39
75.91,1.65,7.83,62.46,5.67,6.74,57.72,3,50.45
40.44,2.99,23.37,60.36,8.17,4.46,20.04,94,41.2
56.68,3.54,26.82,58.82,8.54,8.64,93.68,198,72.72
82.18,1.67,26.66,51.85,7.61,7.96,27.93,55,46.97
78.03,2.78,31.58,52.8,4.52,7.9,74.6,107,67.62
98.91,2.15,17.78,78.15,8.77,6.56,70.31,89,61.47
77.22,3.16,12.39,32.86,7.68,6.46,84.73,79,57.14
68.65,1.8,2.59,77.73,7.69,7.22,72.11,154,59.14
85.69,3.84,9.85,44.08,9.11,4.3,81.55,104,61.93
94.2,3.74,13.87,56.89,6.39,5.79,53.7,143,68.28
83.24,1.96,8.77,40.26,5.76,9.93,59.1,104,45.55
97.79,2.31,2.77,68.69,9.01,7.97,76.13,200,63.94
86.92,2.97,7.98,81.05,5.09,6.51,65.47,94,61.26
92.01,3.3,27.31,54.83,8.3,5.33,60.92,160,62.94
46.85,2.61,25.92,41.44,1.48,8.47,36.44,123,49.23
83.94,1.89,37.56,45.86,1.01,5.56,40.65,161,62.93
66.41,1.76,32.33,87.27,5.75,4.97,48.68,178,58.03
73.19,4.0,23.57,48.74,1.66,4.93,20.74,45,53.21
79.25,2.64,7.23,84.23,9.79,8.38,53.39,60,57.61
98.19,3.68,23.43,53.18,1.05,7.86,20.22,60,54.62
99.07,2.71,4.34,43.21,7.46,4.42,65.2,97,51.79
57.29,3.81,18.37,80.91,3.19,4.69,76.32,98,66.96
84.03,1.72,16.83,62.8,9.71,7.8,64.97,0,58.12
85.0,1.79,18.26,32.19,4.43,7.43,75.48,179,50.71
60.79,3.82,12.63,97.2,1.25,8.12,20.0,172,53.35
47.43,3.87,28.06,40.34,1.24,5.07,24.76,120,48.67
42.46,2.29,33.96,54.74,5.98,8.36,75.88,61,60.09
86.64,2.39,31.2,56.94,9.88,9.62,84.23,166,77.51
69.38,2.63,25.85,64.26,9.82,7.61,77.42,54,63.58
99.13,2.54,22.46,84.98,4.04,5.18,73.04,61,56.02
67.9,1.98,3.18,30.43,5.34,8.08,76.59,200,54.36
98.68,3.75,29.47,95.27,1.9,6.06,79.17,185,71.74
64.69,2.13,22.71,75.22,5.7,4.3,77.95,117,49.1
87.62,3.26,12.29,96.55,6.4,5.81,79.04,34,70.09
45.09,1.67,14.46,87.22,3.26,9.43,25.92,24,36.29
73.33,1.6,37.55,94.95,6.51,6.47,25.06,193,58.42
88.12,3.13,25.73,72.07,9.1,9.19,48.89,53,59.65
95.48,2.35,20.08,55.01,1.01,7.05,62.21,136,50.73
89.35,3.14,25.6,61.0,3.06,7.1,81.01,70,63.25
42.22,1.74,17.72,76.06,2.89,4.03,46.78,99,39.8
62.36,3.87,19.87,59.89,2.11,7.82,42.01,198,53.4
42.92,3.37,13.03,81.22,2.49,4.65,82.52,119,61.4
46.56,3.69,18.71,36.43,6.63,6.87,39.95,86,50.42
80.52,1.84,28.05,88.1,1.92,5.56,85.67,83,64.65
82.8,2.3,3.52,44.29,7.65,6.35,34.17,46,40.54
86.42,2.42,32.21,96.08,8.98,7.22,48.76,111,68.5
91.93,2.84,12.75,40.89,9.34,4.09,52.09,114,54.14
84.37,2.24,27.94,39.04,6.94,5.71,43.96,19,49.09
88.05,1.65,26.42,86.83,2.78,9.94,20.27,81,44.81
42.94,2.42,26.8,87.31,1.77,4.34,38.84,129,49.84
54.07,2.14,25.11,81.71,3.09,5.92,47.01,11,37.09
77.31,2.46,38.45,97.24,9.66,5.93,45.09,196,71.54
91.49,1.99,21.32,48.94,9.66,6.28,82.84,173,65.86
40.27,2.15,29.83,87.87,4.44,8.11,23.79,128,52.07
70.88,3.07,28.81,54.64,3.93,5.49,51.12,3,49.28
80.64,2.47,10.98,67.62,5.59,6.76,23.0,104,42.5
41.78,2.36,12.77,61.19,3.63,7.87,94.45,180,55.79
64.08,2.83,18.11,30.41,9.82,5.93,83.22,4,62.87
93.74,3.43,12.55,70.21,2.99,9.69,98.57,159,63.66
80.3,2.45,15.94,82.33,4.32,9.88,92.81,168,61.03
54.26,2.97,16.86,42.22,4.86,4.72,45.27,15,47.54
91.17,3.92,24.95,95.22,2.13,6.06,75.33,46,69.4
60.88,2.8,10.36,67.13,4.45,5.25,44.52,145,43.18
91.2,3.77,32.56,42.48,8.71,5.12,91.06,183,84.17
57.94,3.48,18.63,75.22,2.26,6.95,52.86,154,64.55
75.42,1.65,28.84,43.43,6.26,7.38,50.07,105,57.13
63.82,2.57,5.09,34.45,4.66,6.55,93.13,121,60.52
56.49,3.25,19.86,77.97,2.53,5.64,86.94,105,64.51
93.19,3.97,3.07,37.75,1.11,5.67,97.31,116,63.23
51.26,2.65,27.68,37.44,3.46,9.95,25.32,154,41.63
45.09,1.73,15.06,81.8,1.56,9.54,39.47,9,38.82
60.52,2.91,38.07,33.86,4.39,4.46,44.07,42,50.93
83.06,1.82,14.32,86.68,8.29,7.94,53.95,11,50.11
88.45,3.38,23.42,85.73,7.48,6.74,57.85,160,72.34
99.92,2.77,11.78,39.9,9.53,8.13,43.32,146,60.03
57.78,3.31,25.56,66.29,4.84,7.58,83.24,10,69.95
64.48,3.67,19.75,36.76,7.37,9.34,37.86,21,60.24
48.21,3.07,16.08,74.28,6.99,4.4,75.72,53,54.23
74.49,3.03,9.74,34.41,2.95,6.1,88.14,48,48.01
99.85,3.39,6.24,96.11,3.73,9.91,68.3,104,64.57
82.05,3.61,6.56,44.54,5.77,5.09,48.33,100,46.89
75.71,3.67,39.96,77.8,8.17,4.76,35.03,71,63.73
63.54,1.59,17.67,38.98,5.16,8.37,30.75,32,28.78
94.92,2.89,2.07,44.67,3.05,8.66,79.53,130,51.59
69.81,2.04,38.21,61.57,9.94,8.03,57.53,158,58.27
48.06,3.65,2.76,70.12,2.04,8.66,23.71,128,40.09
61.92,3.12,17.91,99.92,9.6,8.16,98.71,162,74.93
44.03,2.55,29.26,31.81,8.28,4.81,73.7,183,60.56
52.12,1.97,36.75,30.02,8.55,7.65,87.53,169,74.57
41.06,2.35,29.09,54.53,8.15,8.66,55.06,130,59.95
67.2,3.26,19.62,55.63,2.87,9.19,96.44,9,57.05
78.07,2.01,39.03,91.87,6.69,5.48,35.96,67,60.71
60.6,1.73,3.49,93.88,7.81,4.76,34.81,86,38.82
65.22,3.72,39.5,91.64,7.71,8.69,91.23,143,84.63
97.55,3.41,34.28,40.02,3.44,5.54,91.34,170,76.43
85.12,2.0,37.3,58.85,2.63,4.19,59.92,128,59.53
72.45,2.23,11.68,82.21,3.95,8.95,30.06,73,39.58
57.07,3.93,7.41,51.88,5.32,7.04,44.42,158,53.29
93.82,3.27,27.21,76.43,6.16,5.96,80.33,139,79.91
54.11,3.03,21.6,46.6,8.53,4.07,87.68,160,60.59
59.52,2.27,21.88,52.64,7.92,4.21,47.81,118,43.76
94.54,2.25,37.14,90.23,7.09,8.76,24.9,129,59.1
71.77,1.6,25.56,47.54,3.37,6.94,73.26,69,49.66
84.54,3.32,13.82,97.5,5.31,4.9,79.16,80,56.99
75.44,1.61,17.2,51.44,4.02,6.15,53.92,55,44.01
79.21,1.51,7.07,31.65,3.11,4.99,66.65,51,47.56
57.96,3.32,9.31,47.84,1.09,4.68,98.99,131,60.16
54.48,3.87,7.45,41.98,4.06,5.66,39.6,77,47.47
59.35,3.39,32.79,65.48,3.31,7.3,65.84,26,55.67
49.33,2.68,28.79,37.89,6.15,5.26,68.88,7,57.77
92.46,2.72,22.15,73.82,1.56,6.06,63.93,172,62.82
56.99,2.59,16.23,91.24,3.43,6.87,89.53,87,61.06
73.69,2.31,27.4,55.38,1.4,6.52,68.4,115,60.11
87.52,2.8,32.89,41.79,6.77,4.77,60.63,181,64.8
87.03,2.58,35.49,58.0,6.11,4.23,29.84,22,46.42
66.3,3.0,22.79,85.02,4.04,4.21,76.26,188,66.66
68.58,3.75,33.16,71.4,2.33,6.1,30.57,141,66.65
99.68,3.99,21.43,37.08,9.62,8.31,22.13,128,57.1
80.48,1.7,20.03,67.6,6.26,4.79,59.08,86,46.57
88.88,2.46,34.89,62.77,7.11,8.72,65.8,141,67.19
94.15,1.95,16.68,52.9,5.78,8.29,99.92,41,67.92
87.26,2.38,17.04,37.71,8.26,4.02,76.99,60,49.1
51.11,2.22,13.59,98.68,9.07,4.16,87.89,193,65.15
73.73,1.94,21.71,42.32,4.44,5.17,47.71,55,42.1
46.11,3.41,22.7,43.49,7.21,4.34,60.71,144,58.6
79.18,2.74,27.1,40.19,3.07,7.19,97.94,186,69.52
97.32,3.8,18.36,69.91,6.87,4.24,53.39,119,59.5
70.76,1.58,10.28,61.06,4.59,8.82,84.58,59,59.6
65.98,1.67,34.94,47.47,1.06,6.96,62.08,170,50.54
42.15,2.51,15.15,60.06,9.6,8.37,37.92,166,51.52
97.59,1.7,37.07,77.15,8.82,8.5,66.43,109,76.39
46.18,2.16,9.88,49.72,3.62,7.04,37.44,23,41.51
42.46,3.97,23.28,94.07,9.98,9.55,20.24,88,49.06
54.76,2.02,22.39,51.44,3.85,9.94,38.87,86,36.71
43.93,2.0,33.49,43.87,5.13,6.16,35.45,38,42.49
67.31,2.93,7.28,96.82,8.66,4.76,49.67,80,52.74
70.97,2.74,36.58,86.74,3.74,6.18,91.09,30,74.6
58.75,2.95,22.19,54.02,5.05,5.34,51.03,139,48.19
43.06,2.44,24.27,88.9,6.99,7.19,87.62,86,62.89
46.7,3.57,21.39,66.32,2.17,6.27,64.45,146,57.42
63.07,1.85,3.37,54.27,4.8,6.88,20.61,91,32.02
43.63,2.57,20.89,88.77,3.78,8.58,35.1,143,60.38
81.89,3.22,12.01,82.65,7.09,5.64,94.5,147,65.83
52.42,3.67,15.02,50.85,2.22,7.22,68.33,32,53.02
58.12,2.42,26.67,72.47,3.09,6.01,94.36,88,60.66
63.65,2.92,20.91,55.86,7.4,8.71,44.81,150,58.78
65.0,1.67,5.54,30.07,2.41,7.84,77.32,119,46.32
40.1,1.93,4.78,97.33,4.8,4.05,81.76,44,43.22
46.72,1.67,9.05,68.47,7.42,7.96,98.06,167,57.63
91.77,3.32,9.25,71.89,7.89,5.02,21.45,40,42.06
40.07,2.22,25.12,71.99,1.85,8.35,96.18,199,67.76
70.49,3.31,8.76,68.54,8.67,7.4,51.33,142,71.58
69.37,1.67,35.51,50.3,7.52,6.41,87.04,64,67.95
59.99,3.66,9.97,98.01,4.05,8.16,63.58,39,59.74
65.88,3.59,5.46,73.52,7.87,9.14,65.17,181,57.06
86.83,1.72,35.28,76.96,7.55,8.67,48.75,105,53.3
90.47,1.56,13.22,61.84,6.41,7.27,86.28,162,64.5
55.62,1.64,18.17,50.15,6.03,8.34,41.12,167,48.62
59.35,3.63,38.44,34.5,7.61,6.48,59.38,13,63.57
54.55,2.09,37.89,54.52,9.99,8.73,64.81,137,70.22
68.79,2.87,29.17,42.33,6.21,8.97,79.4,67,64.93
81.0,2.57,4.62,76.35,8.28,4.82,57.73,182,56.64
53.7,3.49,24.55,91.53,7.7,5.43,74.42,44,68.92
59.84,2.72,39.58,51.19,8.7,5.62,58.82,6,61.16
95.82,2.75,37.98,53.3,9.59,5.0,72.75,133,67.1
42.91,3.97,6.03,76.93,2.74,6.36,73.93,110,58.92
67.65,1.88,17.05,40.45,2.49,5.16,76.76,111,55.0
82.69,3.58,13.99,95.06,6.28,7.57,85.86,52,69.57
49.03,1.63,6.93,55.47,5.04,4.61,63.26,99,43.1
42.84,2.69,28.4,37.08,6.14,5.62,35.46,193,45.18
48.29,3.72,12.41,42.23,8.18,7.99,74.37,153,66.97
95.13,3.16,15.1,95.29,9.39,6.39,26.17,197,60.08
40.56,3.21,5.43,47.3,4.76,6.53,37.52,66,35.97
51.3,2.16,20.92,76.36,7.46,8.79,83.37,174,62.43
41.88,2.55,8.01,40.93,2.77,9.91,54.81,76,45.57
46.64,2.42,18.42,43.59,5.81,7.39,59.84,188,48.5
77.21,2.8,7.45,91.55,1.2,4.47,98.99,173,58.39
54.5,2.66,38.25,40.36,5.53,4.62,38.81,33,51.09
74.15,2.32,7.51,31.31,5.91,9.81,21.56,195,47.74
75.41,2.26,21.83,65.09,7.62,8.08,28.91,122,47.05
90.97,2.13,9.49,90.39,6.85,8.51,39.56,156,53.46
40.28,2.41,4.9,52.82,4.23,8.05,78.07,116,52.13
91.2,1.87,9.69,38.97,1.05,5.08,82.07,43,45.69
77.15,3.68,4.08,98.76,2.04,6.69,65.24,197,63.47
49.76,3.01,7.3,77.37,9.76,8.79,40.4,22,45.1
86.38,1.83,20.75,89.55,9.3,9.2,61.74,162,58.67
91.33,3.23,26.77,82.65,3.93,5.42,21.2,42,44.76
55.26,3.62,5.32,78.88,3.33,7.58,74.54,157,61.94
95.13,2.09,18.76,56.92,4.93,4.94,69.14,84,59.75
67.27,1.88,24.09,52.7,7.21,9.75,21.74,47,40.94
76.21,1.52,10.9,80.19,4.21,5.51,85.36,47,58.57
99.08,1.62,16.14,80.17,1.61,8.36,81.07,64,60.8
61.69,3.41,4.73,96.54,4.63,5.39,44.66,181,52.56
88.79,3.97,10.36,69.81,3.35,7.7,70.83,154,64.27
59.1,1.61,19.74,50.62,3.92,7.96,68.12,134,49.99
87.95,3.37,39.64,64.27,2.47,5.97,31.45,126,55.14
76.04,1.68,39.86,72.96,6.93,8.91,35.46,83,54.09
52.98,2.98,39.23,59.87,5.74,9.31,74.66,181,71.64
64.84,3.39,18.08,85.38,3.44,9.13,94.68,55,77.54
59.06,2.4,5.07,70.92,5.98,5.98,66.1,189,55.06
44.69,1.53,14.3,30.66,5.43,8.47,65.43,76,39.53
41.79,2.99,11.03,69.89,8.16,7.36,71.73,68,51.02
60.79,3.98,2.54,74.35,9.6,7.56,55.25,95,58.06
41.14,2.14,5.62,94.07,2.18,6.86,24.33,150,42.6
49.93,1.97,19.22,58.96,8.96,7.6,51.72,143,51.67
83.51,1.81,14.91,70.21,7.34,4.81,92.02,154,64.0
82.49,2.89,8.85,63.25,7.23,6.45,84.4,17,59.64
84.31,2.99,29.21,67.22,4.37,5.07,94.19,32,74.04
59.03,3.48,15.57,34.71,4.1,5.68,32.23,170,40.13
93.4,3.38,34.37,92.81,1.05,4.77,60.48,197,79.0
75.63,3.73,11.16,93.73,9.84,5.27,66.78,25,57.82
47.56,3.51,22.46,68.36,6.46,8.69,36.79,181,61.27
48.62,2.12,9.0,68.96,4.62,7.3,36.08,52,39.51
81.59,2.89,20.82,34.03,5.89,4.14,82.56,196,62.17
50.38,2.24,7.79,71.86,1.36,8.73,73.75,199,51.32
70.44,2.32,8.14,60.04,2.56,9.46,71.78,128,52.42
99.51,3.83,25.26,79.63,6.61,9.28,41.36,38,65.8
40.24,3.2,12.02,33.3,5.63,8.94,60.54,158,57.24
40.99,3.94,8.55,79.76,8.08,9.95,21.85,20,51.59
99.59,2.54,37.33,50.08,6.93,7.52,30.4,67,61.03
75.08,2.84,3.63,75.62,6.41,9.78,61.46,128,61.12
47.61,2.72,23.48,73.9,8.34,9.69,44.77,13,51.87
93.84,1.77,22.83,45.88,1.61,5.88,97.25,79,66.94
92.82,2.09,11.52,60.83,7.22,9.18,57.72,160,55.45
72.17,2.82,19.21,88.49,7.44,8.75,26.69,18,47.23
77.31,1.67,5.33,72.39,3.48,8.65,21.43,73,35.28
56.39,3.83,29.41,34.81,2.76,9.38,78.02,0,66.34
43.03,1.81,10.42,61.0,2.92,6.31,33.72,132,37.3
75.67,1.99,9.35,51.82,2.78,6.4,35.02,15,39.92
57.69,3.41,13.97,74.92,5.71,7.84,53.9,56,61.48
79.82,1.74,36.29,73.02,2.22,8.43,41.12,105,54.94
90.17,3.75,32.27,30.73,6.93,9.28,69.33,43,53.8
41.09,3.31,37.98,72.54,1.95,9.26,58.86,46,71.04
75.74,1.67,26.77,81.44,1.24,8.33,28.92,167,47.12
53.88,3.23,27.19,83.81,3.87,9.74,82.78,156,65.3
92.43,3.08,20.24,34.13,2.73,5.07,54.07,16,46.34
55.22,3.39,36.4,51.26,9.9,9.7,68.87,172,69.24
76.65,3.57,21.41,59.49,3.73,4.39,20.32,94,45.3
73.21,3.3,15.49,42.58,3.0,7.33,70.11,29,54.6
63.77,2.97,26.33,59.45,2.77,4.54,42.63,182,50.5
80.66,2.31,22.75,34.98,4.36,7.41,59.55,67,57.53
83.55,3.24,6.71,37.93,6.45,6.34,43.82,65,58.54
74.02,3.89,16.92,76.81,8.04,4.49,99.7,29,76.35
85.51,2.97,13.91,48.38,4.28,7.89,38.47,178,58.37
99.01,3.16,34.18,79.8,6.63,8.39,93.03,57,78.22
65.16,2.59,16.4,33.37,5.34,5.05,93.44,119,60.14
70.87,3.39,33.22,69.39,8.62,8.17,53.68,48,69.29
40.75,3.99,18.81,57.4,6.12,5.07,44.32,179,53.26
87.76,1.9,30.63,85.79,3.61,4.82,50.48,158,55.34
71.21,2.01,7.14,84.88,7.33,4.88,99.15,101,64.16
64.48,2.85,37.14,56.29,8.38,7.59,69.5,69,75.14
45.64,2.7,20.26,73.59,5.19,8.67,63.58,131,58.16
93.38,2.93,11.87,45.93,9.88,7.58,22.87,99,43.11
63.7,1.62,11.18,70.63,8.91,8.86,87.83,189,57.65
80.95,2.51,12.07,35.69,2.77,7.55,26.7,135,35.86
48.96,2.96,15.94,60.42,8.08,8.78,23.76,5,43.64
97.69,2.96,29.27,42.79,6.41,9.86,41.99,165,60.34
50.71,3.14,38.08,91.84,5.81,6.35,58.06,38,65.71
51.97,3.3,27.42,61.14,5.63,4.9,91.62,60,69.08
91.54,3.1,22.79,71.35,8.68,4.81,83.21,87,71.48
94.75,3.48,19.05,55.23,6.5,7.58,35.81,42,58.17
52.73,3.06,33.47,50.21,5.84,7.28,49.77,189,57.44
68.19,2.84,34.29,44.2,1.44,5.11,82.42,196,66.15
84.01,3.02,13.14,93.83,5.03,9.29,62.17,31,60.34
92.7,1.75,38.23,85.96,9.17,9.74,33.96,64,64.94
62.74,2.18,17.01,39.33,7.41,5.52,51.68,74,45.56
71.02,2.82,32.4,82.27,1.46,5.24,70.07,134,68.48
84.5,3.68,38.74,59.3,8.96,5.28,97.86,120,88.01
83.87,3.2,28.74,31.08,8.44,6.32,72.94,136,67.31
86.98,1.73,8.14,66.99,5.92,9.12,21.3,6,40.94
74.2,2.98,24.27,39.1,1.2,7.58,76.4,103,69.11
46.28,2.05,6.51,44.7,6.06,4.41,40.07,42,40.89
94.24,3.34,31.99,78.72,1.49,6.84,88.97,45,78.12
91.93,3.57,12.69,48.0,3.88,4.54,50.71,155,66.71
87.89,2.98,28.42,92.43,6.66,6.44,35.97,28,56.66
45.99,2.98,36.58,76.0,9.22,6.42,57.44,6,74.89
52.26,2.35,8.88,88.26,4.22,7.89,40.42,97,50.06
84.62,2.62,16.93,73.06,8.74,7.3,38.87,147,63.1
41.39,3.66,26.59,90.82,9.27,9.25,65.86,102,66.72
98.75,3.31,17.95,55.32,1.19,4.1,81.39,32,64.98
62.63,2.8,8.64,68.44,3.15,8.64,86.8,155,67.57
83.16,2.42,3.1,66.11,7.39,4.14,51.81,76,39.26
93.25,1.63,17.45,93.27,7.81,5.83,25.34,142,46.67
63.68,1.86,26.67,41.54,4.53,9.28,58.72,40,39.07
59.15,1.98,23.81,70.46,6.91,8.14,54.7,183,56.07
76.52,2.43,7.94,82.81,6.51,5.03,35.76,56,39.77
74.86,3.86,19.13,55.9,7.66,6.94,91.69,195,75.37
64.55,2.76,16.04,90.73,7.47,8.33,97.93,75,84.34
76.11,2.09,12.42,56.11,1.77,9.62,24.14,146,46.99
96.12,1.76,29.71,42.13,2.42,7.81,83.66,100,56.38
68.06,2.35,13.77,70.88,2.19,4.15,71.66,15,52.28
51.8,3.54,22.53,59.44,9.39,7.0,40.91,19,60.6
62.63,2.46,37.08,31.06,9.22,4.92,70.81,81,60.48
63.65,3.43,22.49,34.89,8.18,4.29,30.29,38,48.44
47.87,3.51,25.45,43.67,2.05,7.59,25.55,122,52.37
49.77,1.78,4.78,83.85,6.17,8.66,99.48,27,48.43
81.07,3.02,8.77,92.44,2.69,4.22,70.91,118,51.98
60.37,3.9,5.84,68.19,4.32,8.7,40.26,41,50.43
97.29,2.51,31.06,37.39,3.4,8.24,56.0,36,58.9
54.62,1.63,33.77,67.41,8.46,8.51,96.01,73,64.22
45.94,3.81,9.09,89.89,2.3,5.47,55.1,117,51.1
85.21,3.71,10.33,82.46,6.82,6.36,92.04,80,70.84
92.86,2.81,14.28,50.38,9.86,4.72,89.5,70,68.18
56.69,2.88,24.46,38.67,7.18,5.43,47.53,68,51.51
52.13,2.03,25.63,93.05,1.71,5.82,75.68,68,66.55
51.15,3.55,28.1,89.79,9.17,5.92,72.84,81,67.41
71.32,2.75,36.4,33.76,6.79,5.05,81.7,167,69.73
68.1,1.58,13.21,87.66,5.11,5.13,49.27,116,44.16
55.57,3.21,27.03,36.8,6.94,9.41,24.18,84,51.46
42.71,3.88,23.27,34.43,8.91,8.7,33.68,150,51.43
68.89,3.57,13.62,83.1,5.29,6.07,69.32,106,73.17
97.56,2.19,36.48,67.54,5.78,9.69,82.01,190,63.86
79.15,1.63,5.63,59.02,5.07,5.43,80.48,113,58.71
69.73,3.85,29.06,93.27,1.65,6.44,66.69,43,69.99
46.64,3.84,29.66,88.75,8.08,8.88,26.78,113,63.08
55.15,2.83,36.78,34.03,2.14,6.66,21.38,155,57.38
57.69,3.11,21.71,73.13,4.55,5.41,82.57,42,67.53
85.89,2.66,14.22,84.06,4.48,6.21,63.95,40,53.57
92.6,2.55,33.45,68.53,3.52,7.0,82.62,120,75.34
94.1,1.8,31.29,98.81,4.62,7.72,33.02,177,68.25
99.07,1.74,21.01,78.02,6.56,6.43,52.59,67,50.39
98.94,2.08,31.18,37.29,3.8,6.59,93.53,101,78.94
97.18,3.59,12.18,43.88,2.55,5.58,33.73,131,52.39
44.31,1.86,24.4,87.84,8.82,7.21,24.92,133,46.57
48.27,2.07,34.88,99.77,9.74,5.32,72.28,29,59.96
58.27,2.87,14.08,36.88,5.13,9.21,67.56,79,51.43
73.17,2.04,20.37,37.02,3.94,8.48,96.16,199,54.02
45.82,1.91,38.14,83.44,1.43,6.46,92.52,178,68.02
90.75,2.91,32.33,34.5,1.33,8.48,79.95,155,67.21
77.01,2.42,35.71,34.8,4.54,4.04,21.53,4,38.4
72.54,3.07,16.64,92.22,9.37,6.07,58.43,83,65.53
49.92,3.78,39.87,86.03,7.58,6.64,91.69,10,79.66
55.2,1.88,7.8,91.71,4.14,6.82,54.69,60,43.21
49.62,3.78,21.71,75.54,9.71,8.49,96.97,173,76.31
91.12,3.76,20.21,52.58,4.86,9.78,72.2,77,67.05
75.05,3.57,32.34,93.44,3.49,6.28,28.76,33,60.21
84.11,3.08,36.53,50.91,4.84,6.1,60.74,144,64.3
57.76,3.05,29.78,49.29,2.9,7.66,75.65,152,67.7
62.28,3.1,25.82,92.05,8.97,5.69,25.23,131,55.94
64.29,3.23,18.24,77.66,4.25,4.85,47.57,162,49.97
85.6,1.54,21.39,92.7,6.92,9.77,77.37,141,59.74
86.34,3.9,21.35,40.91,4.5,8.86,32.57,127,59.16
52.41,2.96,2.77,96.66,9.12,9.75,47.87,178,54.35
96.49,3.45,21.12,72.89,6.78,5.31,75.19,65,67.07
47.24,2.44,34.53,76.76,5.39,4.11,82.04,91,67.61
93.77,1.53,28.95,93.98,2.19,6.62,61.48,113,55.14
46.02,2.77,32.24,56.65,9.12,9.6,96.55,134,67.08
55.87,2.77,16.84,80.37,5.92,4.83,94.03,95,62.83
90.79,2.59,22.1,74.82,3.57,4.7,57.87,88,64.25
50.77,2.35,3.27,85.14,8.9,4.41,32.82,33,38.64
64.81,2.12,16.55,92.79,1.49,8.59,81.83,128,58.74
66.99,2.82,20.03,77.6,3.83,8.72,39.45,24,58.43
54.72,2.44,11.7,34.73,5.83,8.17,87.43,95,54.95
82.61,3.92,3.19,42.82,4.06,4.32,66.97,82,64.8
91.08,1.93,28.24,96.78,5.29,8.34,51.53,156,59.28
92.47,2.3,18.53,97.81,3.38,6.69,64.51,95,55.87
60.36,2.23,17.8,97.72,2.17,4.95,62.62,1,50.09
71.85,2.86,11.5,32.58,1.33,5.77,93.98,101,57.0
54.9,2.75,22.44,56.77,2.42,7.01,37.15,43,44.29
54.69,3.11,18.65,83.18,9.58,5.98,94.25,76,83.08
49.68,3.88,20.01,82.7,6.18,9.82,22.51,59,52.54
96.4,2.21,24.07,36.01,5.4,6.85,81.54,33,63.95
93.28,3.23,2.24,72.66,4.46,6.23,93.57,190,64.35
86.64,1.56,36.49,40.0,7.38,8.04,51.52,50,53.35
71.06,2.16,4.7,64.52,2.27,7.9,25.85,101,42.95
69.44,2.66,19.14,46.78,3.49,4.01,84.37,166,50.77
71.78,1.58,9.88,33.72,6.9,7.71,87.43,73,47.4
72.19,3.04,21.9,35.6,5.31,5.46,46.9,188,53.57
66.07,3.2,12.65,93.76,7.93,6.25,61.49,81,67.34
47.91,3.37,34.68,82.13,9.07,8.24,84.76,190,77.17
47.54,2.79,17.06,95.23,8.41,7.34,35.36,90,55.51
97.13,3.01,26.27,62.9,2.66,6.21,70.32,2,63.65
68.92,2.49,11.46,58.93,1.82,5.0,54.45,174,54.88
97.19,1.6,2.74,55.09,2.52,7.03,33.95,173,31.75
49.81,1.75,17.36,73.14,8.05,5.92,86.52,193,64.11
73.26,3.14,22.39,54.61,9.22,9.48,45.97,24,54.24
52.46,3.99,19.46,82.24,9.33,7.21,94.75,169,83.77
55.19,1.54,38.56,86.09,3.68,9.2,65.51,68,55.19
41.8,2.89,28.86,91.31,8.56,6.34,61.16,169,66.23
47.14,3.38,39.84,47.0,5.83,8.96,53.86,193,66.03
95.01,3.57,13.21,66.89,8.41,4.34,52.05,40,51.78
59.29,2.86,31.98,45.64,5.94,5.79,85.44,74,60.4
76.49,3.05,23.11,32.63,2.31,4.47,74.2,54,53.92
67.9,3.24,25.25,79.55,1.71,4.19,81.9,61,64.93
64.03,3.65,39.46,68.43,9.61,9.51,53.69,119,67.07
71.91,1.81,26.85,80.67,4.83,8.3,40.91,82,50.34
51.23,3.82,36.16,36.13,4.15,7.75,26.95,131,49.08
99.32,1.57,29.58,99.69,4.21,7.19,82.13,135,67.98
89.1,3.59,6.84,99.6,4.41,7.42,53.22,40,64.8
84.5,1.69,28.58,62.55,9.5,7.83,60.74,8,61.86
68.13,1.99,20.4,90.62,1.56,8.96,57.55,150,54.0
49.17,1.51,36.91,47.05,2.07,7.58,54.49,36,52.83
95.24,2.61,32.66,81.63,8.11,8.49,74.71,40,67.1
60.48,2.34,5.96,91.55,5.94,5.69,68.7,120,61.34
43.01,1.91,7.09,87.03,2.16,9.86,97.76,52,63.28
60.54,2.63,4.65,86.82,1.31,4.19,31.11,38,37.46
87.67,2.51,20.74,62.41,3.02,6.32,65.88,61,70.79
77.36,3.42,5.07,87.4,3.35,9.29,25.06,105,42.79
85.05,3.73,29.5,78.35,1.13,5.08,84.63,170,68.78
87.62,3.13,22.99,39.27,2.94,4.85,69.3,198,58.56
52.72,1.81,33.76,37.99,7.64,6.19,54.27,147,53.86
95.43,2.24,12.63,84.03,8.7,6.57,84.18,180,78.53
66.28,3.78,21.73,73.78,9.08,9.6,56.4,106,63.02
78.34,1.72,6.46,66.36,4.51,9.02,38.22,82,35.28
40.14,2.52,35.62,93.51,3.87,6.78,57.8,164,59.89
99.6,3.86,8.65,76.17,10.0,9.84,25.67,60,58.56
56.85,3.88,5.89,57.73,7.92,7.85,91.83,163,73.64
43.72,2.53,9.79,58.98,5.84,9.24,78.48,200,53.43
67.5,3.17,32.64,72.37,3.29,5.48,80.83,78,59.91
47.74,2.64,6.02,83.22,3.89,6.93,89.96,127,54.15
49.14,3.38,25.35,69.5,5.64,4.18,83.33,157,75.58
77.94,1.58,30.35,65.61,5.88,4.05,54.55,157,57.11
63.58,1.86,30.54,80.88,1.12,8.23,29.49,41,47.49
95.31,3.04,9.22,79.37,9.63,4.71,49.87,193,67.08
59.15,2.08,4.34,88.12,6.18,7.29,94.73,101,69.74
83.57,3.17,19.05,34.38,6.3,8.18,95.93,8,66.79
67.67,2.38,9.69,82.85,2.9,4.19,81.43,23,52.27
79.6,3.72,28.57,65.96,7.88,6.69,36.35,146,61.51
75.98,3.55,15.55,35.23,7.64,8.1,35.56,85,51.2
68.37,2.73,19.08,77.53,1.86,9.34,90.38,21,54.77
97.0,3.43,6.31,80.16,6.35,5.8,31.35,104,43.98
60.56,2.18,23.57,66.65,6.92,9.85,66.73,120,48.32
50.63,2.74,9.05,85.57,8.52,9.07,50.26,16,54.54
80.69,1.99,27.8,51.02,2.85,7.9,44.16,70,43.78
90.76,3.65,4.7,44.13,8.9,6.35,74.19,92,71.24
42.42,3.56,39.08,54.55,5.15,8.27,96.77,156,75.62
66.98,3.76,28.01,58.7,1.87,8.9,82.21,130,79.62
93.55,3.69,8.91,78.72,1.95,5.82,58.89,17,55.09
84.98,3.9,2.54,89.19,2.78,9.96,55.26,123,48.42
99.51,2.07,14.71,80.46,3.54,9.45,92.61,181,71.73
71.88,3.83,7.81,42.18,5.47,6.91,66.25,10,63.64
79.6,2.93,10.3,55.64,7.74,8.34,59.73,198,54.02
58.15,2.56,35.16,41.09,2.68,7.14,74.63,19,60.33
96.85,2.9,24.92,78.07,9.93,8.57,38.97,125,57.54
61.98,2.36,8.71,47.37,2.45,8.96,25.1,70,35.02
84.31,2.22,23.15,66.78,6.39,4.14,88.41,146,64.85
64.19,2.1,11.72,85.43,9.36,4.47,68.58,169,53.62
73.71,1.71,39.1,76.97,8.49,6.02,33.19,171,48.54
83.19,2.74,3.24,50.89,6.83,9.51,43.84,174,44.07
70.54,3.72,29.83,53.3,7.44,6.39,99.19,164,83.71
94.43,3.08,31.37,75.74,2.21,9.33,70.75,62,66.73
65.16,2.8,4.55,68.46,1.09,6.77,70.89,93,50.82
78.82,2.57,8.53,36.75,4.91,5.73,25.77,144,35.51
60.54,2.66,16.6,91.18,1.81,9.4,97.52,33,60.41
64.49,2.02,34.99,65.88,4.22,7.36,91.42,116,77.36
66.4,3.56,22.41,63.14,3.01,6.16,63.82,106,56.92
47.55,2.0,26.9,43.89,9.25,4.27,44.75,197,53.06
45.5,3.29,31.75,56.39,8.92,4.67,75.84,9,64.49
80.05,3.4,33.47,53.3,8.37,4.84,86.67,19,73.25
79.33,2.94,20.1,48.95,7.43,6.19,82.89,6,59.47
79.77,3.66,21.33,69.72,2.39,7.64,98.16,110,74.12
41.19,2.23,29.28,62.36,1.44,5.85,70.95,110,56.61
59.59,3.7,12.01,92.24,6.88,4.39,45.7,119,52.91
51.87,3.32,34.47,95.89,6.78,5.59,59.83,48,68.7
86.69,3.5,2.79,45.36,4.32,6.45,85.31,61,61.98
91.64,3.16,9.44,37.01,5.25,9.95,41.23,83,57.93
54.8,3.62,32.41,84.97,5.4,6.36,38.51,9,61.84
80.07,3.98,14.93,99.64,3.16,4.54,77.99,151,59.78
47.76,2.55,7.69,90.45,3.83,7.49,55.55,10,54.82
56.51,3.53,9.1,31.66,4.77,9.52,85.33,134,57.93
48.32,3.36,22.17,47.59,6.43,8.72,31.49,91,60.59
57.01,2.63,34.15,33.03,9.6,9.02,46.86,200,66.85
80.48,3.82,4.68,87.45,5.85,9.57,41.45,139,52.27
94.62,2.49,3.16,70.7,7.58,7.82,75.83,95,62.15
52.15,2.91,19.68,65.96,8.26,9.97,80.75,140,60.26
72.52,1.76,38.34,68.81,2.02,4.2,56.48,23,53.55
82.08,2.06,12.6,47.67,6.88,9.01,58.24,36,51.76
97.18,3.6,38.45,72.11,5.34,9.14,30.56,100,70.87
76.6,2.49,35.73,32.15,6.15,9.5,76.15,172,70.83
55.31,2.49,12.76,75.22,1.35,6.87,99.39,164,64.49
77.53,2.11,33.04,81.41,9.16,8.73,82.23,75,82.45
59.23,2.73,28.06,77.11,9.58,5.17,37.85,57,52.76
98.57,3.51,21.45,53.25,1.03,7.62,69.85,193,60.85
63.98,3.74,18.07,87.84,2.92,6.15,43.6,113,51.27
81.13,1.68,32.99,80.09,2.62,7.58,22.41,23,55.6
41.39,2.94,32.14,38.98,8.03,8.05,34.39,45,52.21
64.0,2.67,30.76,43.66,6.38,6.08,28.21,168,53.24
92.51,3.04,39.93,74.6,2.6,5.3,35.67,180,61.15
76.61,2.62,20.18,50.26,8.33,5.93,83.65,182,63.69
66.64,2.5,32.66,38.36,4.18,7.98,43.43,1,48.54
96.16,2.68,34.77,40.85,5.15,8.06,80.56,165,74.86
91.24,2.95,10.04,41.59,4.49,8.45,95.91,22,61.79
59.33,2.75,3.6,63.45,5.69,4.76,65.94,162,52.46
72.67,2.68,17.38,72.52,5.32,8.91,58.83,177,60.22
69.39,3.54,34.56,42.35,3.47,8.13,80.01,72,69.08
77.93,3.36,12.99,79.87,4.82,4.18,27.77,38,38.99
60.05,2.35,28.6,49.67,9.18,6.01,54.26,143,50.18
54.65,3.5,2.28,51.81,5.53,6.8,59.91,13,64.88
94.76,3.63,15.5,45.64,9.25,6.16,86.48,116,78.13
95.43,1.88,25.39,84.96,5.95,4.7,85.14,66,70.8
90.6,2.96,6.93,97.19,7.92,5.24,87.86,85,62.09
98.69,2.21,36.07,64.47,3.64,4.15,75.83,165,66.92
84.7,3.35,7.94,32.94,8.11,4.56,62.44,199,51.78
85.88,2.1,36.57,48.24,3.38,5.6,86.23,80,59.82
85.76,3.18,10.22,41.06,1.18,8.92,89.86,58,56.89
68.84,2.14,39.78,88.99,2.45,7.16,58.44,167,73.32
67.39,2.78,24.98,35.94,1.19,6.55,98.85,83,69.98
54.41,3.87,5.21,97.65,9.52,7.97,89.99,40,64.24
78.69,2.45,4.48,71.2,10.0,7.25,60.84,181,55.11
57.36,3.69,4.85,66.24,7.86,4.79,25.54,199,50.57
55.47,3.97,24.42,89.31,1.97,5.34,37.96,58,54.25
75.16,3.69,32.76,31.93,9.09,5.34,82.11,31,71.19
64.6,1.91,17.31,84.4,7.69,7.6,28.89,30,47.77
53.13,3.55,18.9,38.16,3.99,6.77,57.58,120,59.13
88.96,1.58,24.39,88.85,5.52,6.33,68.39,62,60.42
91.63,2.48,22.26,67.04,6.96,7.34,90.27,125,67.91
50.06,3.68,28.15,34.28,1.22,9.82,87.77,152,64.07
40.45,3.22,19.93,88.33,5.51,5.89,81.14,1,56.98
60.17,2.83,29.13,31.91,7.59,7.12,52.62,172,52.34
87.85,2.47,39.9,39.69,2.69,6.88,31.38,5,53.05
90.35,3.53,15.31,85.85,4.99,8.3,73.57,23,70.48
48.3,3.27,2.46,62.54,5.79,8.38,34.5,145,38.16
86.46,2.67,6.77,91.7,7.62,8.37,64.91,124,60.69
46.94,3.73,23.03,74.48,9.68,5.21,98.45,196,80.82
63.4,2.07,15.08,73.65,8.63,6.69,64.02,114,46.61
99.92,1.93,37.72,50.46,6.59,8.87,71.64,83,64.63
51.56,3.11,25.84,39.36,6.25,6.29,74.21,134,71.48
49.24,3.93,21.77,97.28,6.43,9.91,86.43,153,76.46
65.37,2.12,32.33,37.34,5.91,6.19,54.8,134,46.79
77.18,2.12,11.83,67.03,1.53,6.99,59.8,74,53.31
95.97,1.85,33.15,49.08,7.28,6.85,34.08,192,52.86
98.85,3.65,2.12,48.49,7.45,6.6,69.17,60,62.47
44.18,2.07,25.55,71.62,5.61,9.07,43.66,69,45.38
48.28,2.76,37.52,85.86,8.83,4.93,60.61,55,64.11
87.44,3.98,31.94,84.4,7.05,7.41,81.32,60,78.4
56.24,1.53,34.44,90.82,4.26,7.71,21.41,42,47.49
93.09,2.89,17.08,50.5,1.18,9.11,65.11,116,54.42
79.81,2.78,33.32,62.6,1.53,7.66,33.88,146,57.08
46.71,3.52,22.93,30.65,4.17,9.76,42.35,86,44.23
89.95,2.39,25.5,82.28,5.16,9.23,22.78,185,55.27
50.58,2.53,4.24,51.16,2.5,6.09,33.56,95,37.76
65.41,1.92,9.66,69.3,2.7,9.16,98.93,93,49.18
73.13,3.35,22.94,41.85,3.07,9.75,99.88,13,71.67
70.05,3.46,4.23,87.36,8.02,5.54,77.59,181,63.13
81.17,1.84,30.17,87.21,7.94,7.66,68.95,29,65.11
79.16,2.48,33.92,91.42,4.45,5.69,82.16,33,73.15
99.52,3.73,36.97,33.22,2.55,7.9,91.72,188,83.14
99.97,1.51,5.87,99.47,2.0,4.56,61.54,104,53.12
70.99,2.25,37.71,47.34,1.78,8.41,22.82,13,45.94
45.71,2.89,4.57,51.66,4.52,6.52,76.75,88,57.33
83.67,2.34,20.01,47.45,1.41,7.52,98.77,118,66.85
98.6,2.18,33.93,48.73,4.0,4.16,40.64,2,52.94
59.1,2.65,4.67,68.69,9.65,8.17,57.08,151,55.05
67.67,1.95,2.69,46.79,5.57,6.98,48.9,134,48.65
65.49,2.82,2.95,57.56,8.4,7.75,51.24,2,50.99
43.09,3.27,21.43,75.89,2.16,5.89,77.71,124,60.82
80.34,2.94,32.84,88.52,3.41,4.87,50.27,44,57.56
61.2,1.73,6.84,78.49,9.52,6.61,95.29,147,60.11
87.25,3.61,6.74,71.6,4.45,9.66,83.17,75,59.12
89.93,1.94,23.6,40.34,6.84,5.37,22.21,40,36.48
89.27,3.41,10.9,87.13,9.79,8.06,85.48,101,61.19
65.0,2.4,29.75,32.61,5.96,4.3,81.83,89,51.92
59.29,3.46,38.09,48.49,3.75,8.31,61.32,68,76.39
84.93,2.02,31.11,33.99,5.79,5.43,59.75,176,54.61
88.08,1.97,35.33,76.72,1.49,6.71,86.84,130,79.84
69.48,2.74,21.74,55.79,2.01,6.21,53.98,97,56.02
93.58,1.58,33.63,75.64,1.06,4.68,32.76,45,47.1
48.63,2.06,8.95,54.29,8.96,6.07,45.03,114,35.96
92.74,3.31,4.6,61.9,7.04,6.1,41.22,5,48.85
45.77,3.59,26.93,62.06,3.68,7.13,74.48,177,78.7
49.21,1.7,3.97,33.19,2.99,9.83,34.31,0,34.78
72.03,3.71,35.91,60.12,7.15,6.82,71.58,140,77.22
44.05,3.49,28.28,74.87,9.28,9.49,57.28,69,57.51
43.17,3.67,38.18,68.22,3.69,6.77,87.17,144,72.5
40.03,3.25,13.93,35.27,3.89,4.65,58.8,72,43.32
66.18,3.19,20.47,76.76,8.69,5.38,94.38,5,75.14
86.48,2.81,30.18,51.62,9.04,6.45,92.04,190,84.48
42.09,3.13,11.23,31.01,9.23,5.95,34.82,153,46.43
79.14,3.8,22.59,40.89,3.64,9.19,74.89,9,62.01
89.39,1.75,27.06,64.83,2.08,8.07,37.17,6,55.72
50.08,2.29,39.19,51.73,4.96,7.47,85.86,106,64.64
48.81,1.68,30.3,78.61,3.66,6.95,70.86,192,61.52
91.65,3.86,6.49,46.85,8.95,6.38,43.53,116,58.22
89.39,2.61,20.06,84.1,1.33,7.67,39.93,2,48.07
72.34,3.19,24.37,50.05,6.7,4.75,54.37,140,55.51
89.15,3.6,7.57,73.46,9.16,4.98,84.06,85,62.37
45.57,3.98,18.41,85.95,9.79,5.82,83.69,128,79.4
63.67,1.9,12.79,56.99,6.85,5.03,22.67,70,45.68
84.27,3.5,6.52,33.28,9.55,8.06,44.18,1,50.83
55.45,3.72,21.46,67.48,1.68,4.15,53.83,3,52.02
85.14,1.62,8.29,99.68,4.23,4.96,66.85,127,48.34
70.25,3.39,24.44,97.83,1.08,9.42,31.96,127,56.22
85.02,2.39,8.45,45.47,9.83,9.99,46.82,64,43.12
67.88,3.12,29.5,82.9,9.12,6.93,90.85,16,74.57
62.07,2.79,9.42,54.15,1.25,6.97,58.12,155,53.23
53.15,2.15,36.06,41.22,1.16,8.64,79.53,30,57.35
52.5,1.84,3.0,76.61,4.3,4.22,58.78,37,38.03
85.09,1.79,21.84,65.06,3.33,6.56,57.2,90,52.29
47.13,1.76,14.16,67.75,8.62,4.6,69.75,143,49.01
45.16,3.09,10.55,87.92,2.44,6.41,40.75,200,48.86
50.58,2.38,19.92,53.56,8.12,9.9,39.98,125,51.04
50.52,2.04,34.0,76.7,5.99,8.52,99.15,193,64.44
89.39,3.23,36.78,55.63,4.4,9.91,89.52,131,83.61
63.91,3.22,13.52,32.99,2.31,8.48,79.02,170,60.21
99.42,2.85,7.86,56.46,9.98,7.65,30.97,35,52.15
48.23,3.84,29.37,96.5,6.56,8.53,22.42,11,60.71
79.21,2.46,24.12,63.83,4.95,7.95,34.03,134,49.84
66.92,3.59,9.64,37.58,4.34,6.78,95.02,196,62.56
63.58,1.69,30.89,78.15,9.15,5.76,85.3,148,61.74
92.51,3.35,21.72,97.44,8.39,7.12,61.85,68,68.6
98.54,3.97,26.83,93.56,8.3,5.55,97.5,98,87.6
92.37,3.62,15.65,70.04,6.55,6.92,31.73,22,52.09
51.54,2.95,18.69,56.34,8.99,4.88,64.73,68,58.84
53.25,3.07,8.85,70.65,3.69,7.39,34.66,137,36.22
79.36,2.38,30.75,87.12,7.33,5.47,44.51,33,55.58
57.35,3.2,7.97,90.29,4.64,5.76,95.21,96,70.55
84.08,3.43,31.58,87.32,6.4,6.99,89.46,58,78.28
73.99,4.0,32.32,61.88,9.98,4.98,28.14,98,57.5
73.05,2.73,30.37,38.32,9.86,9.77,39.96,153,53.08
89.71,1.65,2.74,69.84,5.61,6.68,67.56,177,36.06
82.63,2.99,12.38,40.95,6.16,6.11,24.91,82,39.34
41.59,1.8,19.8,34.27,9.08,4.18,64.01,166,53.29
42.97,2.11,24.63,64.91,9.87,9.06,66.76,141,55.39
76.09,2.32,36.93,75.88,8.01,7.76,43.28,185,62.63
69.17,3.33,16.27,89.79,1.59,6.5,43.45,148,45.02
55.61,1.96,35.25,84.8,3.9,5.47,38.33,110,44.92
65.12,1.91,8.21,90.01,9.07,8.47,94.85,135,68.7
85.47,1.61,16.11,83.2,7.92,9.67,51.11,63,52.66
89.6,3.68,3.99,79.23,7.68,6.28,66.82,135,56.55
73.67,3.23,30.21,30.71,7.01,4.81,44.13,142,54.04
63.12,1.6,7.72,73.83,4.74,4.66,76.21,122,48.32
56.24,1.57,11.77,38.43,4.63,4.04,28.12,20,22.92
71.32,2.9,31.46,34.11,8.28,8.46,25.73,104,43.11
58.88,2.21,22.32,40.95,3.64,9.89,79.54,142,55.43
73.85,2.99,2.53,87.63,7.16,9.96,78.13,39,59.35
80.6,2.59,2.08,82.07,7.54,8.71,41.2,158,51.84
43.96,3.81,21.41,96.41,8.6,4.97,48.4,169,67.28
40.06,2.22,13.59,98.53,3.88,9.87,96.58,108,52.55
52.74,3.2,8.85,92.53,7.68,5.97,28.35,193,50.69
93.67,1.64,25.32,39.3,1.96,6.0,34.65,172,45.08
78.78,3.89,10.68,91.49,2.24,8.12,54.4,93,60.53
50.32,3.95,24.5,88.7,4.76,4.29,42.57,177,59.52
93.42,3.35,16.41,90.98,1.5,8.95,71.92,187,64.31
68.2,2.66,9.1,40.62,9.53,9.98,75.25,21,37.17
68.57,2.05,7.25,38.18,9.12,8.65,62.11,200,56.24
96.13,3.53,11.0,94.67,1.44,8.69,68.9,0,63.33
43.57,3.34,3.13,42.17,8.54,6.34,54.67,97,41.21
52.91,2.05,13.71,55.8,5.58,4.4,80.83,188,56.17
75.15,2.63,36.27,61.92,7.32,8.76,23.37,145,54.19
51.73,2.66,33.59,38.71,8.98,7.58,45.03,53,54.98
80.77,3.57,16.14,31.44,6.19,9.46,74.75,129,58.57
52.85,3.21,23.88,99.59,2.05,4.7,46.37,43,57.2
45.95,3.11,23.56,91.37,1.02,5.83,26.28,47,43.97
52.42,3.12,33.49,93.86,5.47,6.16,47.6,183,60.04
65.36,2.18,10.98,49.92,9.54,8.1,76.92,9,59.73
50.57,2.43,13.26,45.41,6.15,8.73,29.76,193,42.43
48.08,1.61,13.47,59.81,4.36,9.77,77.97,91,47.88
91.62,3.47,3.55,61.73,1.28,5.77,82.04,13,60.81
59.22,2.58,13.96,30.39,9.23,6.96,70.82,158,53.7
61.65,2.6,35.36,84.55,3.94,4.17,39.54,9,50.75
43.32,2.11,36.66,99.77,7.34,5.52,84.42,65,69.92
61.44,2.02,6.17,67.01,7.25,6.24,37.16,48,32.39
55.89,2.97,19.41,57.18,3.28,7.56,92.47,157,68.84
76.63,2.08,16.49,57.49,1.57,6.83,76.53,79,51.68
52.32,1.66,20.6,36.73,4.47,6.19,24.38,131,41.95
93.3,3.42,23.08,48.63,3.85,7.74,83.94,14,71.53
95.78,2.44,2.77,65.15,7.3,8.97,60.51,139,54.7
45.99,2.45,34.01,60.23,8.38,5.45,56.21,142,51.77
46.44,2.58,39.0,68.15,3.0,6.06,53.64,57,58.45
46.92,3.54,26.83,89.43,5.75,8.23,68.53,177,64.68
77.17,2.3,27.1,45.77,1.37,8.67,77.97,94,60.08
47.32,3.4,22.06,31.94,2.93,8.95,91.68,134,53.26
91.14,3.85,14.7,32.68,7.86,5.26,41.84,36,45.64
85.26,3.15,7.66,39.39,8.14,7.24,70.46,187,67.27
89.19,2.58,24.19,69.93,7.99,9.4,74.91,49,66.17
71.56,3.37,3.71,86.57,2.28,6.35,73.98,125,57.5
99.8,2.64,33.33,92.08,5.96,6.58,59.44,18,62.88
42.65,2.54,17.99,74.46,4.8,9.91,51.28,8,41.68
64.08,2.81,17.76,58.22,9.92,4.68,80.99,25,60.73
59.44,2.29,14.43,40.82,6.89,8.23,44.0,189,46.81
96.92,1.76,38.84,58.1,9.42,9.1,36.64,42,64.01
74.61,2.54,8.65,53.27,2.31,4.9,63.67,176,49.2
88.37,1.81,7.75,90.9,5.06,8.29,41.41,116,47.5
50.22,2.53,8.29,64.07,7.94,6.82,22.66,17,31.83
98.72,2.89,27.02,45.83,4.31,9.12,24.13,88,49.4
69.92,3.83,39.69,50.22,6.69,9.44,75.6,96,75.8
69.62,1.59,10.95,39.55,5.61,9.23,97.85,53,51.65
98.25,3.05,36.41,94.3,9.93,4.39,56.38,121,69.11
62.84,2.64,12.59,33.52,2.56,8.54,31.76,173,44.42
63.85,1.55,26.62,30.9,9.42,9.53,85.45,177,67.57
75.09,2.12,3.54,42.81,4.61,7.73,40.91,105,41.83
47.68,1.8,20.83,86.76,5.21,7.61,99.65,179,73.25
59.27,2.04,26.87,66.64,5.76,4.27,65.06,185,59.9
51.59,2.19,22.38,73.81,3.39,9.14,38.61,17,50.53
46.2,2.5,11.04,55.04,9.67,4.28,59.68,127,45.7
91.97,2.82,33.48,34.81,9.2,5.88,46.83,155,61.4
75.36,1.5,38.87,89.93,9.76,9.56,82.36,3,66.2
61.52,1.9,19.45,43.43,9.97,9.7,28.47,121,45.14
64.52,1.73,26.16,32.31,7.03,9.95,88.56,183,64.17
65.89,2.87,32.04,70.09,5.07,6.86,81.39,53,70.13
77.99,2.32,11.18,35.83,8.66,5.06,88.91,172,63.44
95.61,2.87,34.85,36.7,1.21,6.93,91.6,187,71.96
95.97,2.05,12.65,86.03,8.51,4.61,38.38,127,53.47
63.49,1.56,31.48,64.41,5.48,9.24,61.68,126,61.17
59.76,3.85,6.26,46.91,7.06,7.36,87.99,107,68.7
67.06,1.77,12.96,54.4,4.37,6.43,50.19,82,45.07
74.08,1.82,22.28,81.05,4.32,4.48,24.83,91,45.95
67.71,1.87,21.95,34.64,1.29,6.43,43.33,104,39.68
79.53,3.95,34.32,38.15,4.81,9.2,39.35,96,63.22
73.26,3.04,39.85,73.14,4.68,8.22,89.61,166,81.32
59.24,3.03,6.07,72.49,3.02,4.49,57.11,154,42.74
60.74,3.97,12.31,98.07,3.23,4.96,74.68,69,66.05
62.72,1.72,15.59,56.22,6.26,6.35,96.97,103,53.27
45.68,3.94,20.2,34.56,3.86,4.61,43.94,43,47.59
49.96,2.01,20.77,67.63,8.47,9.6,80.9,35,56.96
83.39,3.06,34.54,74.68,2.0,7.91,21.82,74,52.85
63.35,2.55,31.28,39.77,6.2,4.57,28.33,11,45.74
52.87,2.46,2.72,68.7,2.44,8.73,32.95,171,40.12
73.76,3.83,19.29,43.84,5.75,6.21,44.99,25,51.56
85.33,1.87,25.49,89.13,5.97,5.47,52.24,65,58.25
55.45,3.99,19.5,88.46,6.78,7.42,58.16,50,62.11
89.61,2.45,6.96,60.07,4.85,4.08,39.63,41,52.42
95.65,3.12,17.1,97.67,5.59,6.79,25.3,73,54.29
75.84,3.92,17.64,98.58,2.63,9.06,74.2,144,64.43
80.14,1.64,9.13,39.05,5.17,9.57,21.89,179,30.23
43.15,3.81,30.74,55.74,4.36,6.06,84.76,37,75.07
96.73,2.92,14.21,72.02,7.0,7.85,94.33,48,67.86
63.55,3.26,24.38,35.94,4.91,5.36,76.83,94,55.15
95.43,1.87,21.6,56.79,8.01,7.36,67.68,64,63.86
74.74,2.83,35.34,48.28,4.83,5.52,72.56,160,65.48
40.28,3.18,6.64,96.64,3.12,7.43,72.18,44,60.22
42.31,2.64,6.34,58.81,3.46,5.03,94.54,80,58.66
80.83,1.89,13.41,83.39,1.41,9.65,97.14,109,61.62
73.76,2.11,18.39,57.07,5.86,9.32,54.14,76,62.2
41.59,3.64,13.34,39.23,8.48,6.02,69.37,124,50.0
84.61,1.59,31.0,90.42,7.92,8.66,84.22,160,65.89
91.13,3.27,11.32,30.03,4.94,4.57,20.08,106,40.28
69.79,4.0,5.22,33.92,2.77,8.44,62.16,91,65.67
67.95,1.52,17.72,55.51,8.77,5.69,72.23,191,64.34
40.33,1.9,31.39,78.08,1.51,4.81,77.38,197,66.19
87.2,3.19,34.32,53.92,4.59,8.07,49.5,200,63.41
59.84,1.65,29.87,34.64,8.71,6.82,43.65,3,44.21
92.73,2.97,23.2,52.25,4.54,7.18,34.57,168,52.82
62.38,3.21,29.52,47.15,2.06,7.12,64.63,180,61.04
73.9,2.97,27.89,30.38,3.39,4.36,93.54,161,73.98
56.22,2.41,10.91,67.44,6.4,4.31,91.68,150,57.16
49.64,3.24,22.93,38.17,2.37,7.61,48.8,73,52.89
86.49,2.99,31.28,50.12,6.89,7.74,40.63,145,66.12
69.8,2.02,14.05,74.88,4.94,4.28,83.1,116,47.39
72.19,2.91,26.85,80.76,4.01,6.27,78.0,167,69.81
97.92,3.7,20.3,48.44,3.17,7.68,60.43,70,58.65
97.81,3.17,21.12,53.04,8.41,7.94,51.12,149,62.12
91.34,2.68,5.42,47.28,4.57,8.97,29.9,157,40.49
51.26,2.3,27.32,96.98,7.65,6.52,82.81,167,66.32
75.66,1.71,34.9,43.34,4.96,7.29,69.4,34,60.61
92.69,2.11,7.37,42.82,1.83,7.47,50.15,173,48.83
62.47,1.53,15.91,61.15,4.96,5.87,93.5,43,54.12
46.07,3.97,3.85,43.25,5.57,4.32,72.77,188,57.43
88.66,2.06,3.13,40.97,5.12,4.03,94.34,7,45.27
68.91,3.54,39.61,36.71,8.35,9.02,57.95,44,70.47
73.86,1.92,20.75,74.81,9.2,5.2,56.37,122,53.73
98.93,2.21,15.51,72.85,8.08,7.78,94.98,109,66.83
76.43,2.55,12.45,75.51,6.25,7.46,96.78,138,64.44
65.5,2.31,39.24,84.13,5.87,6.4,96.86,81,74.55
62.2,3.5,11.59,52.85,6.8,9.0,85.51,0,70.39
65.06,3.89,29.58,94.29,3.59,8.19,56.99,124,70.16
47.1,3.69,12.78,81.32,8.31,4.14,36.82,102,45.13
87.69,1.88,4.68,86.33,8.71,8.66,50.68,102,53.82
90.26,3.44,27.96,80.47,3.4,7.04,95.06,75,75.74
57.06,1.87,2.06,55.09,9.13,6.08,49.08,178,44.48
58.23,3.78,27.68,49.81,8.64,8.36,80.54,159,70.59
92.46,2.79,11.51,59.58,4.82,8.12,93.84,36,70.82
41.44,2.34,30.35,36.79,9.18,5.86,97.63,7,61.05
71.23,1.89,31.25,61.59,2.08,9.9,95.81,36,69.92
67.82,1.53,29.52,33.02,1.25,7.89,64.4,9,44.83
81.41,2.12,2.93,30.28,4.13,7.63,59.35,142,44.71
49.8,3.79,28.74,95.2,6.09,4.42,99.01,124,84.5
80.1,3.49,39.63,78.25,4.16,5.68,37.45,93,65.88
62.6,3.92,11.22,69.33,9.48,6.68,35.0,118,67.45
77.12,1.75,12.42,53.88,3.29,7.78,97.05,162,59.43
42.41,2.98,32.91,69.94,3.53,7.08,75.14,167,70.07
67.7,2.14,8.1,92.41,6.71,8.58,62.9,87,62.49
71.34,2.86,27.1,75.67,1.03,5.58,30.56,119,44.21
52.86,2.3,30.69,72.17,7.55,8.21,61.06,115,53.46
48.38,2.21,3.41,62.21,4.4,8.9,95.54,190,52.36
51.31,2.93,23.04,54.2,9.8,8.59,68.23,153,67.32
60.65,1.96,23.88,78.9,7.22,8.63,52.37,63,45.59
45.81,2.67,13.53,98.67,1.47,9.33,64.09,178,58.61
96.84,3.13,35.3,59.73,1.83,4.51,90.89,79,75.22
64.3,1.82,8.18,57.45,1.79,8.18,93.03,152,65.66
88.54,3.83,15.84,59.97,9.57,9.81,52.01,196,69.03
98.47,2.76,34.25,59.79,7.16,7.44,68.64,162,75.02
44.84,3.55,9.24,99.34,4.85,5.3,42.34,21,56.4
79.1,3.13,33.21,79.47,2.8,9.99,56.09,41,65.13
92.28,3.28,5.0,55.14,8.86,5.05,37.59,159,47.96
78.05,3.29,20.59,56.01,2.81,6.01,62.52,24,52.33
65.74,3.69,4.86,60.16,7.36,5.03,66.26,2,50.79
65.86,3.03,27.76,32.57,7.87,6.79,47.03,51,56.13
42.15,2.2,32.04,66.95,3.65,6.51,41.77,97,52.75
72.08,1.75,34.29,86.8,5.54,6.95,32.08,25,41.81
99.61,3.02,39.29,76.24,3.01,9.57,31.16,30,58.63
97.52,1.67,27.54,43.89,4.41,6.87,76.92,68,60.33
42.42,2.1,31.22,80.96,9.69,7.09,37.73,120,58.48
82.35,1.65,21.22,80.36,7.24,9.32,29.44,109,54.89
58.11,2.87,36.68,48.38,8.62,8.91,99.91,160,78.06
94.18,1.9,26.46,73.6,5.87,5.44,40.79,197,50.78
42.71,3.03,35.57,72.77,3.15,4.08,91.68,6,57.37
96.15,3.48,10.95,88.79,7.42,7.78,68.73,138,71.97
90.25,3.55,20.88,39.53,5.51,9.07,77.21,32,60.39
47.05,2.27,29.73,43.64,2.59,7.32,64.87,72,60.28
43.59,2.87,9.7,64.02,4.71,5.27,34.46,68,48.27
90.08,2.91,10.03,33.09,6.71,8.45,87.76,140,55.11
49.35,2.68,39.17,59.09,7.62,8.02,86.24,51,74.44
72.09,3.14,18.52,85.18,3.19,7.39,47.97,179,67.12
94.94,2.03,8.91,40.41,8.88,9.18,81.11,77,60.34
74.05,3.95,14.6,62.2,4.42,8.71,63.44,163,53.66
63.83,1.75,17.1,99.28,3.44,8.01,92.72,191,61.03
66.7,3.57,25.68,65.41,2.76,7.99,84.23,102,64.8
43.79,2.99,37.07,64.88,8.24,7.97,23.28,20,57.01
98.13,2.11,39.49,69.12,4.19,7.15,90.34,140,78.54
58.64,3.36,26.76,43.02,5.35,6.78,97.49,85,58.25
51.36,1.71,28.6,40.3,3.01,8.26,79.37,68,54.23
57.16,3.44,14.23,77.41,7.17,7.66,29.59,91,56.67
97.86,2.97,34.57,57.7,8.03,6.94,84.59,60,76.58
45.66,1.78,10.28,50.29,4.05,4.76,71.8,56,44.14
92.04,1.7,6.04,32.2,9.51,8.21,47.11,198,44.49
82.47,3.38,38.98,89.22,1.28,7.88,90.72,55,74.84
89.8,2.23,34.84,32.26,2.2,6.05,65.25,92,59.57
98.55,3.72,13.54,82.5,6.3,6.14,88.23,143,74.32
90.53,3.41,27.66,56.74,7.31,5.48,73.61,44,71.31
96.6,3.25,19.75,71.91,3.26,9.77,43.08,124,60.45
47.62,2.2,14.28,47.34,5.99,9.16,98.0,179,60.85
87.75,3.27,12.9,40.88,3.87,7.37,65.68,163,66.34
72.74,3.87,7.17,67.34,5.99,6.41,61.34,5,55.3
72.61,1.73,22.87,78.69,6.93,8.42,52.28,81,46.46
93.94,2.32,18.97,43.68,9.76,7.17,30.91,0,50.45
98.31,2.09,21.46,60.55,5.1,9.86,74.9,121,60.67
82.29,2.48,10.18,61.13,6.83,4.33,54.46,65,50.6
68.98,3.36,37.67,45.12,6.2,4.21,94.77,179,69.66
67.38,2.69,26.27,69.55,3.86,7.41,97.21,35,79.13
63.18,2.93,36.18,40.22,3.28,5.22,81.41,171,71.56
61.7,2.29,6.15,65.68,9.89,7.63,39.4,68,44.12
63.49,1.85,25.67,37.94,2.86,8.69,77.28,184,53.1
45.39,2.17,34.28,63.99,8.11,4.83,21.63,40,50.78
44.65,3.65,14.57,51.81,2.32,6.64,86.11,54,56.1
86.79,3.01,9.42,61.66,8.24,8.13,59.49,70,68.5
66.76,2.44,12.07,60.36,2.67,9.0,94.94,198,59.14
95.84,3.47,12.37,93.56,9.7,6.98,50.22,147,74.03
76.73,1.66,18.99,64.3,7.17,5.24,41.05,164,46.65
42.11,2.13,14.39,87.29,1.81,7.51,99.6,111,70.61
49.45,2.08,12.31,45.8,7.24,6.73,62.45,159,46.73
52.35,3.96,26.64,54.65,6.43,8.63,89.05,126,74.19
98.54,3.27,4.02,35.26,4.04,7.33,92.88,134,68.3
53.12,3.04,14.93,59.45,3.35,5.68,61.48,168,58.38
70.95,1.51,28.21,76.81,7.47,8.53,56.46,197,64.22
96.17,1.96,8.68,88.67,7.67,7.11,64.23,115,54.84
98.63,3.09,10.4,69.61,3.94,5.07,87.82,88,64.02
54.18,2.45,9.63,74.81,8.89,7.38,97.17,131,71.69
42.95,3.81,2.04,42.41,3.42,9.69,46.27,149,41.99
49.22,3.41,20.0,32.6,1.63,8.23,79.09,198,65.62
43.8,2.62,3.48,85.42,6.4,5.79,42.83,140,43.92
51.71,3.37,12.37,41.69,1.96,8.27,68.88,191,58.39
74.11,3.94,39.8,36.38,3.49,5.7,84.38,147,77.39
94.75,2.65,36.9,95.63,5.56,7.26,90.92,191,78.94
72.23,3.11,10.17,97.45,3.58,7.16,55.9,151,58.03
77.56,3.8,13.78,73.14,2.93,5.48,49.58,177,59.63
52.11,2.12,19.62,56.5,7.33,6.09,40.28,38,44.62
88.04,3.72,34.09,88.33,5.92,9.65,30.67,199,74.57
77.07,1.74,32.5,44.33,8.56,5.5,49.19,70,58.21
91.85,3.12,6.8,60.06,6.23,8.81,89.76,160,67.15
96.93,3.46,6.73,54.99,5.35,8.0,53.5,78,52.27
60.87,3.04,17.84,93.89,3.35,7.2,45.38,92,52.31
45.43,2.74,35.06,94.38,8.13,4.83,79.13,150,80.65
53.56,3.04,35.52,75.56,2.77,5.23,37.25,108,51.69
66.27,1.88,6.08,37.75,3.18,5.07,40.5,143,36.91
96.74,2.04,23.82,63.75,8.57,7.52,94.87,15,70.98
62.7,2.17,7.92,47.17,7.67,9.84,26.53,167,36.88
86.25,2.99,28.07,91.94,6.52,9.26,53.17,82,59.46
72.43,2.6,36.82,39.69,1.35,4.15,66.14,158,56.31
50.97,2.11,19.28,33.8,2.15,5.64,38.42,57,36.5
59.24,3.71,5.16,79.31,5.5,4.94,42.48,119,46.8
79.19,2.43,24.01,61.73,7.72,9.85,37.75,118,58.77
80.37,2.62,17.52,88.69,5.18,5.41,47.61,28,52.62
66.09,2.52,32.81,35.22,1.16,5.21,91.88,95,61.4
53.72,1.95,14.93,86.08,2.66,7.73,54.53,127,51.42
83.31,3.33,35.25,32.61,6.3,7.34,53.43,168,71.17
50.13,2.62,12.4,31.96,7.25,5.36,50.93,178,45.6
96.2,1.54,7.99,62.29,1.3,8.02,97.13,77,61.41
51.27,3.91,13.65,45.49,1.39,4.58,29.38,129,38.74
46.44,3.54,3.33,71.56,3.35,4.12,89.75,35,61.23
69.86,3.31,12.69,31.81,1.75,4.49,46.17,180,47.83
71.17,3.67,27.08,32.48,5.88,6.19,96.52,174,74.86
70.49,3.77,7.41,80.9,2.11,9.85,45.22,200,50.92
66.2,2.34,6.23,44.71,6.83,7.28,26.63,97,33.62
99.69,3.03,7.03,75.95,8.0,8.53,61.6,72,50.55
69.18,3.02,4.95,82.49,9.73,5.93,38.23,152,47.22
68.68,2.17,35.24,34.15,9.54,8.32,80.24,145,70.64
65.31,2.05,37.88,83.88,3.46,9.8,72.58,42,58.12
44.01,1.78,3.77,48.79,1.26,6.15,74.92,108,35.33
75.58,3.15,30.88,57.27,3.96,9.99,35.48,129,51.35
53.68,3.45,30.01,36.06,7.38,7.83,76.69,91,66.48
78.26,3.4,39.88,88.7,1.54,8.49,44.91,74,65.33
43.05,2.29,15.22,69.25,4.24,5.51,99.89,48,58.34
98.88,2.01,12.85,65.33,3.68,7.86,78.54,82,63.78
68.14,2.63,19.22,97.8,2.97,7.07,67.23,49,66.86
93.81,2.87,34.55,53.42,7.36,9.74,89.37,60,82.91
68.53,3.8,29.69,92.35,6.93,9.43,67.14,37,62.51
43.62,3.69,19.92,80.38,5.82,6.38,64.22,75,58.45
89.33,3.79,11.29,95.0,9.2,9.68,38.99,126,63.25
78.89,3.63,29.63,93.55,1.93,9.31,74.25,75,69.16
86.91,3.91,34.47,99.37,2.35,7.54,49.97,28,75.76
65.69,2.66,17.2,39.22,4.45,4.49,23.45,161,42.22
78.28,1.62,27.41,85.72,6.9,4.96,85.28,86,71.21
91.37,1.71,17.21,86.31,6.26,4.46,24.15,117,48.38
77.86,2.48,20.18,75.11,1.67,4.65,73.78,105,63.14
60.86,2.14,21.95,49.52,9.63,9.86,32.54,101,43.55
79.75,1.92,31.48,97.56,3.75,5.27,54.61,88,58.02
80.31,3.88,39.15,44.31,4.23,8.15,88.73,151,79.67
97.64,1.99,18.89,64.97,6.61,7.82,27.55,171,42.98
62.25,3.9,15.01,66.5,9.51,7.79,73.37,181,77.82
65.5,3.4,16.2,41.33,6.96,5.24,69.01,89,62.05
88.73,3.1,7.09,80.58,9.59,7.48,89.4,68,66.95
70.35,3.19,13.28,36.22,2.69,7.75,33.82,16,51.54
84.19,2.33,5.29,78.52,6.57,7.42,83.98,88,57.19
67.58,3.12,18.26,89.4,8.46,5.12,56.01,199,53.18
52.93,1.97,8.36,54.46,5.58,8.34,54.29,52,48.39
84.71,3.84,15.16,79.66,4.26,4.44,48.94,169,53.48
47.87,2.25,32.16,40.97,9.86,7.55,50.85,152,57.67
51.92,2.14,11.35,89.22,2.27,6.62,61.6,132,52.37
77.61,3.28,25.25,96.64,4.7,5.5,28.54,113,58.91
84.84,3.14,36.24,40.69,8.86,8.84,54.01,152,71.72
93.68,2.63,23.54,78.43,9.1,5.06,72.16,19,66.73
56.36,3.08,9.36,65.41,9.82,9.6,59.86,25,55.24
46.64,1.9,15.1,67.2,8.96,9.31,33.27,39,36.73
97.36,3.18,24.43,79.45,1.46,6.16,49.04,153,63.94
49.27,2.18,21.25,64.21,9.37,5.83,55.44,86,45.21
51.86,2.18,7.65,72.02,4.85,4.82,73.51,41,55.66
57.48,1.91,18.98,46.16,6.86,9.5,92.06,9,48.81
71.76,2.33,22.64,56.5,4.55,7.77,64.03,98,56.36
92.97,2.33,12.16,90.57,8.32,4.19,74.11,80,51.98
85.63,2.64,25.27,37.69,6.18,7.07,26.18,35,45.19
82.49,1.98,4.67,71.83,8.61,4.51,96.36,4,55.37
50.51,1.98,14.79,42.9,2.74,7.44,45.22,151,41.98
61.46,2.85,32.56,89.26,2.66,7.05,48.34,156,69.24
68.7,1.82,11.85,70.53,4.96,4.5,37.83,49,40.21
48.85,3.22,25.0,58.21,1.04,8.9,26.77,99,45.76
56.41,3.86,17.58,47.49,7.24,5.57,83.2,50,64.14
58.5,2.57,14.03,60.58,3.66,7.25,39.24,82,52.93
47.64,3.75,36.81,97.03,6.02,7.83,42.62,21,71.18
73.01,1.75,15.04,65.64,1.63,9.77,34.54,190,36.37
82.3,1.61,10.99,62.86,2.54,6.96,97.99,144,56.4
44.2,3.3,36.55,82.24,6.61,9.5,82.48,181,77.55
68.87,3.4,30.35,56.53,3.75,6.13,94.39,59,74.4
86.93,3.61,27.91,59.92,2.93,9.14,88.94,175,70.11
84.88,1.64,3.88,53.59,3.06,5.41,92.5,104,55.27
88.9,3.44,6.99,40.56,2.93,8.24,58.32,39,48.22
66.89,2.44,26.26,79.97,6.61,4.53,33.64,66,56.37
89.23,2.26,9.96,91.11,2.51,9.92,46.15,163,52.21
54.45,1.93,10.57,93.39,4.26,9.72,43.4,155,39.33
61.65,3.99,31.61,91.66,7.19,6.65,77.37,144,76.44
50.58,1.66,12.87,61.62,5.62,7.14,22.05,45,32.98
68.05,3.57,4.72,49.88,6.38,7.59,31.36,130,49.43
63.52,3.1,3.38,74.65,3.26,5.65,74.63,189,55.84
54.46,3.34,18.84,96.83,9.39,8.05,29.88,9,48.7
85.11,3.28,25.45,80.89,4.72,8.19,23.86,64,48.72
58.83,3.65,35.02,64.64,3.58,7.15,28.74,16,60.62
56.37,1.96,6.21,78.22,9.14,4.89,75.25,20,50.68
47.85,1.5,9.47,84.08,6.9,9.52,31.15,200,40.39
66.33,3.0,22.13,94.35,6.53,4.69,31.7,48,52.99
58.18,2.38,15.84,83.43,8.98,7.78,38.42,36,47.04
62.16,1.81,20.34,60.32,1.53,4.62,80.07,14,51.48
54.16,1.97,37.12,49.15,8.54,4.88,36.03,197,65.88
85.79,2.33,22.71,64.99,7.1,4.12,22.83,94,51.21
95.8,1.68,17.77,52.97,4.24,6.18,92.47,159,60.66
69.88,1.64,39.6,95.99,3.31,7.84,90.11,50,68.45
78.58,3.79,4.48,65.56,1.94,7.13,34.79,128,36.33
92.03,2.28,37.42,63.04,9.47,8.05,41.23,178,70.14
99.93,3.96,21.06,54.37,2.28,8.05,35.08,134,64.08
76.81,3.91,21.14,74.76,3.33,4.84,77.56,103,65.43
93.39,1.86,37.03,66.4,7.22,4.34,40.0,42,46.82
94.52,3.29,21.28,39.03,7.39,7.75,94.52,46,66.17
87.49,3.0,18.66,90.84,2.45,7.92,86.21,119,72.67
67.66,3.23,12.35,55.13,8.33,7.34,67.07,90,60.09
44.87,1.74,27.04,60.28,5.59,5.47,20.72,9,41.49
40.95,1.97,23.65,44.4,8.64,8.86,90.69,39,59.09
68.63,1.69,10.15,68.74,1.79,4.45,78.22,86,52.82
69.66,3.01,28.96,79.14,1.39,7.79,83.03,35,70.69
64.44,3.97,26.48,91.68,6.73,4.72,25.75,111,62.67
74.09,3.18,17.1,33.61,2.35,7.93,76.68,60,49.01
73.13,3.28,2.17,98.13,5.72,6.51,84.37,58,56.4
90.2,3.96,18.97,79.27,1.13,8.31,96.53,21,72.35
46.52,3.2,2.23,49.9,8.02,4.31,66.44,101,53.97
53.51,1.6,4.85,44.31,9.1,7.33,60.64,37,52.37
87.58,3.67,18.36,50.73,8.55,4.87,54.03,126,60.05
90.87,2.41,5.11,91.3,9.63,8.09,76.1,188,60.65
99.69,1.51,12.48,50.4,9.13,4.72,93.67,183,50.35
92.37,2.77,26.91,62.4,5.0,4.44,67.98,134,67.42
93.39,3.84,13.73,79.4,4.59,8.28,38.18,162,57.71
58.86,2.14,39.91,91.04,9.07,4.38,21.41,185,70.0
64.1,2.73,36.82,76.1,9.34,5.35,69.53,137,66.24
56.09,1.93,24.24,82.72,9.76,8.95,89.17,51,74.9
76.38,1.64,38.74,42.13,7.91,8.86,25.28,100,53.57
96.33,1.7,34.98,91.42,2.82,9.12,51.81,172,56.51
60.68,3.32,14.12,49.3,9.5,5.96,95.2,134,69.2
73.42,3.66,30.48,38.99,9.52,7.17,60.13,72,71.85
57.78,1.86,7.2,98.34,7.0,8.64,37.65,33,41.1
50.19,2.22,28.01,44.11,8.72,4.82,48.29,28,53.0
51.71,1.99,20.66,39.57,6.05,8.35,52.65,75,51.81
43.48,1.57,2.64,73.82,9.5,4.58,29.38,161,37.15
96.96,2.88,12.42,52.32,1.85,9.48,72.86,111,57.42
64.17,3.25,38.3,39.33,8.78,7.82,67.37,11,62.63
90.05,3.12,14.0,72.08,1.5,6.96,71.82,184,63.94
80.88,2.47,8.9,83.13,4.05,6.91,68.86,81,57.32
51.52,2.89,9.13,85.52,2.22,5.09,21.33,78,29.73
50.53,1.74,20.21,40.89,5.31,6.08,33.96,164,42.75
88.72,1.89,34.02,68.98,3.09,8.36,33.25,75,52.4
55.88,3.83,30.8,86.96,9.57,7.25,27.84,124,58.02
